"Latitude","Longitude","pm_estimate","ozone_estimate","no2_estimate","so2_estimate","co_estimate","Time_range"
27.5,-82.5,9.11809766292572,0.0275984085164964,6.056356549263,0.998249709606171,0.279622733592987,"07-2018 to 10-2018"
27.5,-81.5,9.20175957679749,0.0272916061803699,5.88487458229065,0.952471300959587,0.276867792010307,"07-2018 to 10-2018"
27.5,-80.5,9.19884967803955,0.0273713823407888,5.66466701030731,0.960442245006561,0.272469080984592,"07-2018 to 10-2018"
28.5,-82.5,9.13496840000153,0.0275232098065317,7.80790627002716,0.984655246138573,0.282183405011892,"07-2018 to 10-2018"
28.5,-81.5,9.21511125564575,0.0273559642955661,5.79096639156342,0.997256696224213,0.276080783456564,"07-2018 to 10-2018"
29.5,-91.5,8.34542381763458,0.0216262559406459,4.13876080513,0.77651934325695,0.194045167416334,"07-2018 to 10-2018"
29.5,-90.5,8.34928786754608,0.0223015244118869,5.01870536804199,1.00758300721645,0.213123802095652,"07-2018 to 10-2018"
29.5,-82.5,9.21781039237976,0.0278010391630232,7.80539846420288,1.02035535126925,0.283429257571697,"07-2018 to 10-2018"
29.5,-81.5,9.24024319648743,0.027572728227824,5.65586340427399,1.03458888828754,0.274409607052803,"07-2018 to 10-2018"
30.5,-102.5,8.18025279045105,0.0395236657932401,5.61534750461578,0.892586097121239,0.22446671128273,"07-2018 to 10-2018"
30.5,-101.5,8.45561075210571,0.0350749492645264,5.01401484012604,0.531373426318169,0.235920716077089,"07-2018 to 10-2018"
30.5,-100.5,8.59145522117615,0.030977473128587,4.8731027841568,0.424779497087002,0.250660877674818,"07-2018 to 10-2018"
30.5,-99.5,8.77692580223083,0.0299763693474233,4.85028719902039,0.303617294877768,0.258670669049025,"07-2018 to 10-2018"
30.5,-98.5,8.83002638816833,0.0286680669523776,5.06972873210907,0.237063309177756,0.267428837716579,"07-2018 to 10-2018"
30.5,-97.5,8.99541544914246,0.0280402465723455,6.07624006271362,0.342656705994159,0.281001549214125,"07-2018 to 10-2018"
30.5,-96.5,8.96850717067719,0.0275017381645739,4.93966007232666,0.369000729173422,0.262832470238209,"07-2018 to 10-2018"
30.5,-95.5,9.17108941078186,0.0245755692012608,4.78538775444031,0.447504818439484,0.237470556050539,"07-2018 to 10-2018"
30.5,-94.5,9.37694573402405,0.0233783009462059,4.85344457626343,0.498360067605972,0.221980843693018,"07-2018 to 10-2018"
30.5,-93.5,9.04135298728943,0.022944079246372,5.34784054756165,0.406656298786402,0.198082771152258,"07-2018 to 10-2018"
30.5,-92.5,8.55244934558868,0.0237003723159432,4.7483012676239,0.524059746414423,0.186585478484631,"07-2018 to 10-2018"
30.5,-91.5,8.33543503284454,0.0221762731671333,5.10902833938599,0.595608547329903,0.178715333342552,"07-2018 to 10-2018"
30.5,-90.5,8.3353385925293,0.0223391437903047,3.67721939086914,0.848803609609604,0.199444461613894,"07-2018 to 10-2018"
30.5,-89.5,8.06117939949036,0.025089387781918,4.97805869579315,0.970345392823219,0.211492609232664,"07-2018 to 10-2018"
30.5,-88.5,8.84573435783386,0.0275812153704464,3.52459192276001,1.07316104322672,0.208876565098763,"07-2018 to 10-2018"
30.5,-87.5,8.75004184246063,0.0262704691849649,4.06377822160721,1.00341981649399,0.224850278347731,"07-2018 to 10-2018"
30.5,-86.5,8.74811720848083,0.0265722922049463,5.0168097615242,1.00572874397039,0.251673635095358,"07-2018 to 10-2018"
30.5,-85.5,8.70369708538055,0.0271008056588471,8.34101259708405,1.10846932977438,0.278527673333883,"07-2018 to 10-2018"
30.5,-84.5,9.13486182689667,0.0270398100838065,8.9829648733139,1.2231131196022,0.293148558586836,"07-2018 to 10-2018"
30.5,-83.5,9.1819384098053,0.0271563925780356,8.81570816040039,1.21277636289597,0.294734835624695,"07-2018 to 10-2018"
30.5,-82.5,9.22792959213257,0.0279412702657282,7.85951256752014,1.09848625957966,0.284409288316965,"07-2018 to 10-2018"
30.5,-81.5,9.30906927585602,0.0281231934204698,5.45894837379456,1.10628987848759,0.270803764462471,"07-2018 to 10-2018"
31.5,-111.5,5.33286416530609,0.0362970093265176,6.03247785568237,1.33777420222759,0.173682805150747,"07-2018 to 10-2018"
31.5,-110.5,5.51713705062866,0.0370327951386571,5.76608216762543,1.42739875614643,0.171692553907633,"07-2018 to 10-2018"
31.5,-109.5,5.68039894104004,0.0387622509151697,5.66572940349579,1.81905418634415,0.174328926950693,"07-2018 to 10-2018"
31.5,-108.5,5.32848262786865,0.03903535194695,5.87751233577728,1.93571703135967,0.183687452226877,"07-2018 to 10-2018"
31.5,-105.5,5.51339221000671,0.0423686876893044,5.88906216621399,1.86882400512695,0.200583208352327,"07-2018 to 10-2018"
31.5,-104.5,6.13897812366486,0.043866609223187,5.58879745006561,2.20614271610975,0.196796212345362,"07-2018 to 10-2018"
31.5,-103.5,8.22209322452545,0.0434672366827726,5.60203218460083,1.62281538546085,0.202016454190016,"07-2018 to 10-2018"
31.5,-102.5,8.54253995418549,0.0411150176078081,6.25620460510254,0.635270118713379,0.223126783967018,"07-2018 to 10-2018"
31.5,-101.5,8.44687044620514,0.0358047652989626,4.9802588224411,0.658899500966072,0.233214665204287,"07-2018 to 10-2018"
31.5,-100.5,8.68021249771118,0.031202420592308,5.13603007793427,0.636995643377304,0.255472231656313,"07-2018 to 10-2018"
31.5,-99.5,8.98072838783264,0.0296807163394988,5.13684725761414,0.41524338722229,0.25629485398531,"07-2018 to 10-2018"
31.5,-98.5,8.99894285202026,0.0294716418720782,5.06968849897385,0.300337698310614,0.255911502987146,"07-2018 to 10-2018"
31.5,-97.5,8.96887421607971,0.0291652902960777,4.82384914159775,0.283448681235313,0.242897871881723,"07-2018 to 10-2018"
31.5,-96.5,9.09296476840973,0.0274384492076933,4.71913051605225,0.319692604243755,0.240036562085152,"07-2018 to 10-2018"
31.5,-95.5,9.29144287109375,0.0247950474731624,4.17599773406982,0.598062515258789,0.234862331300974,"07-2018 to 10-2018"
31.5,-94.5,9.67937099933624,0.0237438348121941,4.2125643491745,0.812312893569469,0.216024562716484,"07-2018 to 10-2018"
31.5,-93.5,9.32337498664856,0.0234375228174031,4.38604474067688,0.761200211942196,0.197471722960472,"07-2018 to 10-2018"
31.5,-92.5,9.15417504310608,0.0229513146914542,4.57583558559418,0.57480227202177,0.18599995598197,"07-2018 to 10-2018"
31.5,-91.5,8.89945030212402,0.0218198923394084,3.91966092586517,0.590578153729439,0.175912026315928,"07-2018 to 10-2018"
31.5,-90.5,8.81879103183746,0.0228677038103342,4.46665215492249,0.614402301609516,0.165633272379637,"07-2018 to 10-2018"
31.5,-89.5,8.65254008769989,0.0249388795346022,4.74300968647003,0.922660008072853,0.171577993780375,"07-2018 to 10-2018"
31.5,-88.5,8.75639641284943,0.0243358137086034,4.44144707918167,0.98098449409008,0.194361198693514,"07-2018 to 10-2018"
31.5,-87.5,8.80583238601685,0.0249453498981893,4.37783974409103,1.00048576295376,0.229614526033401,"07-2018 to 10-2018"
31.5,-86.5,8.838338971138,0.0260638706386089,7.7594633102417,1.08619105815887,0.271248575299978,"07-2018 to 10-2018"
31.5,-85.5,9.06002688407898,0.0276451818645,9.25775516033173,1.20478125661612,0.30161190405488,"07-2018 to 10-2018"
31.5,-84.5,9.36094927787781,0.0276290415786207,10.0083315968513,1.25864804536104,0.315586224198341,"07-2018 to 10-2018"
31.5,-83.5,9.40809690952301,0.0275913318619132,9.55101549625397,1.245291210711,0.304901789873838,"07-2018 to 10-2018"
31.5,-82.5,9.23646521568298,0.0281991269439459,8.07084238529205,1.15194122493267,0.284883353859186,"07-2018 to 10-2018"
31.5,-81.5,9.36116147041321,0.0282154395245016,5.19268345832825,1.258957862854,0.262567888945341,"07-2018 to 10-2018"
32.5,-114.5,8.21125817298889,0.0355220977216959,8.48599302768707,1.46173607558012,0.214109666645527,"07-2018 to 10-2018"
32.5,-113.5,6.54424631595612,0.0358052998781204,8.04985165596008,1.39336480200291,0.204245988279581,"07-2018 to 10-2018"
32.5,-112.5,5.32853615283966,0.0370068838819861,7.78219795227051,1.38856620341539,0.203303810209036,"07-2018 to 10-2018"
32.5,-111.5,4.04669535160065,0.0360699445009232,6.02179598808289,1.39049862325191,0.17103024944663,"07-2018 to 10-2018"
32.5,-110.5,3.97649383544922,0.0380422016605735,5.60148799419403,1.93500000983477,0.167098112404346,"07-2018 to 10-2018"
32.5,-109.5,4.76203745603561,0.0388271287083626,5.83634340763092,2.18880209326744,0.177525576204062,"07-2018 to 10-2018"
32.5,-108.5,4.97463166713715,0.0391320874914527,5.81707608699799,2.08226452022791,0.183290503919125,"07-2018 to 10-2018"
32.5,-107.5,4.77871257066727,0.0415957877412438,5.857794880867,2.02023797482252,0.188736595213413,"07-2018 to 10-2018"
32.5,-106.5,4.99006521701813,0.0423811860382557,5.79170703887939,1.99477396160364,0.195419311523438,"07-2018 to 10-2018"
32.5,-105.5,5.47767186164856,0.0430975528433919,5.7416023015976,1.91336393356323,0.187198713421822,"07-2018 to 10-2018"
32.5,-104.5,5.79809725284576,0.0449421880766749,5.51141977310181,2.30180915445089,0.197767708450556,"07-2018 to 10-2018"
32.5,-103.5,7.77323091030121,0.0441298596560955,5.45090520381927,1.50091557204723,0.211043324321508,"07-2018 to 10-2018"
32.5,-102.5,8.37159383296967,0.0430338773876429,6.12172758579254,0.891938582062721,0.220123797655106,"07-2018 to 10-2018"
32.5,-101.5,8.31154918670654,0.0383546324446797,5.04536080360413,0.758387245237827,0.233884230256081,"07-2018 to 10-2018"
32.5,-100.5,8.47646462917328,0.0338993570767343,5.19915544986725,0.858802489936352,0.253952588886023,"07-2018 to 10-2018"
32.5,-99.5,8.66367363929749,0.0314635438844562,5.19064569473267,0.53157614916563,0.252290584146976,"07-2018 to 10-2018"
32.5,-98.5,8.84805595874786,0.0309764770790935,5.48395049571991,0.355864368379116,0.247481051832438,"07-2018 to 10-2018"
32.5,-97.5,8.86753165721893,0.0305384467355907,5.31722497940063,0.284761447459459,0.238979440182447,"07-2018 to 10-2018"
32.5,-96.5,9.04056465625763,0.0283350767567754,4.95887464284897,0.367125809192657,0.238936871290207,"07-2018 to 10-2018"
32.5,-95.5,9.48090171813965,0.02632175385952,4.77712127566338,0.678225390613079,0.247496675699949,"07-2018 to 10-2018"
32.5,-94.5,9.8201425075531,0.024354434106499,4.52998304367065,1.24222262203693,0.214756079018116,"07-2018 to 10-2018"
32.5,-93.5,9.89817118644714,0.0232353019528091,4.27815017104149,0.748431794345379,0.207685489207506,"07-2018 to 10-2018"
32.5,-92.5,9.59867238998413,0.0246063894592226,4.73082327842712,0.886810667812824,0.191865306347609,"07-2018 to 10-2018"
32.5,-91.5,9.4694390296936,0.0249471580609679,4.89466816186905,0.660811066627502,0.165062662214041,"07-2018 to 10-2018"
32.5,-90.5,9.24545049667358,0.0247101276181638,5.55321383476257,0.685562208294868,0.130337335169315,"07-2018 to 10-2018"
32.5,-89.5,9.26668620109558,0.0242636003531516,5.09057056903839,0.734234161674976,0.143573375418782,"07-2018 to 10-2018"
32.5,-88.5,8.9858455657959,0.0222701844759285,4.81618493795395,0.926069028675556,0.187686868011951,"07-2018 to 10-2018"
32.5,-87.5,8.91234815120697,0.0238794800825417,7.65377593040466,1.07953044772148,0.244137696921825,"07-2018 to 10-2018"
32.5,-86.5,9.26062703132629,0.0265639298595488,9.25081765651703,1.16580756753683,0.298066511750221,"07-2018 to 10-2018"
32.5,-85.5,9.28541946411133,0.0288256574422121,10.1362025737762,1.19326400756836,0.326650179922581,"07-2018 to 10-2018"
32.5,-84.5,9.44203865528107,0.0286349463276565,10.4996266365051,1.17716844379902,0.337737068533897,"07-2018 to 10-2018"
32.5,-83.5,9.96054434776306,0.027249829377979,10.2364313602448,1.23570147156715,0.321257758885622,"07-2018 to 10-2018"
32.5,-82.5,9.51810204982758,0.0279651493765414,8.65543854236603,1.05410639941692,0.282632119953632,"07-2018 to 10-2018"
32.5,-81.5,9.36900055408478,0.0287108537741005,4.9013192653656,1.27988865971565,0.242427121847868,"07-2018 to 10-2018"
33.5,-117.5,8.99094140529633,0.0460380837321281,7.10627257823944,0.659062311053276,0.236797772347927,"07-2018 to 10-2018"
33.5,-116.5,8.29273200035095,0.0458845477551222,8.59503281116486,0.677618369460106,0.247313126921654,"07-2018 to 10-2018"
33.5,-115.5,7.65354406833649,0.0428978046402335,12.3132071495056,0.684321060776711,0.252143912017345,"07-2018 to 10-2018"
33.5,-114.5,7.40837740898132,0.0383082814514637,11.1824090480804,1.27124793082476,0.248318325728178,"07-2018 to 10-2018"
33.5,-113.5,5.53918170928955,0.0369802545756102,8.30720794200897,1.1883364841342,0.208849903196096,"07-2018 to 10-2018"
33.5,-112.5,5.67457222938538,0.0369280381128192,8.38960587978363,0.808285862207413,0.212161123752594,"07-2018 to 10-2018"
33.5,-111.5,5.23368406295776,0.0429361360147595,8.55945801734924,1.4779559224844,0.209294077008963,"07-2018 to 10-2018"
33.5,-110.5,4.61300754547119,0.0438396008685231,6.58077776432037,2.06586328148842,0.192496199160814,"07-2018 to 10-2018"
33.5,-109.5,4.41184723377228,0.0424160845577717,6.15255391597748,2.27847797423601,0.188491232693195,"07-2018 to 10-2018"
33.5,-108.5,4.39784854650497,0.0421686032786965,5.66875040531158,2.13221000134945,0.186058070510626,"07-2018 to 10-2018"
33.5,-107.5,4.48890203237534,0.0420145941898227,5.41874647140503,1.98995053768158,0.193357300013304,"07-2018 to 10-2018"
33.5,-106.5,4.79956942796707,0.0423559313639998,5.17411810159683,1.89151699095964,0.189219664782286,"07-2018 to 10-2018"
33.5,-105.5,5.02442401647568,0.0427298787981272,5.36068505048752,2.36849214881659,0.192373670637608,"07-2018 to 10-2018"
33.5,-104.5,6.25384032726288,0.0435315007343888,5.37834179401398,2.3757783472538,0.191659495234489,"07-2018 to 10-2018"
33.5,-103.5,7.97150444984436,0.0435687294229865,5.98528456687927,1.79706785827875,0.221152003854513,"07-2018 to 10-2018"
33.5,-102.5,8.09386253356934,0.042377554345876,7.16174697875977,1.23304720968008,0.230742946267128,"07-2018 to 10-2018"
33.5,-101.5,8.04023027420044,0.0389015087857842,6.14350712299347,1.17626927793026,0.245938137173653,"07-2018 to 10-2018"
33.5,-100.5,8.28629624843597,0.0363812996074557,6.33399891853333,1.26162523776293,0.255143851041794,"07-2018 to 10-2018"
33.5,-99.5,8.57193315029144,0.0343234040774405,6.46530604362488,1.18387585878372,0.252156395465136,"07-2018 to 10-2018"
33.5,-98.5,8.63745474815369,0.0336625911295414,6.16792178153992,0.601529210805893,0.250454731285572,"07-2018 to 10-2018"
33.5,-97.5,8.50774574279785,0.032210853882134,6.01606428623199,0.350753154605627,0.248494494706392,"07-2018 to 10-2018"
33.5,-96.5,8.78034424781799,0.0304327984340489,5.59520220756531,0.467464722692966,0.248495317995548,"07-2018 to 10-2018"
33.5,-95.5,9.29564774036407,0.0285534565337002,5.30025613307953,0.528693344444036,0.249033138155937,"07-2018 to 10-2018"
33.5,-94.5,9.97414660453796,0.026842684019357,5.0107733309269,0.64086801558733,0.245422713458538,"07-2018 to 10-2018"
33.5,-93.5,10.0278326272964,0.0251467865891755,5.02788609266281,0.778639204800129,0.236277524381876,"07-2018 to 10-2018"
33.5,-92.5,9.75762057304382,0.0250501022674143,5.29492503404617,0.810317382216454,0.230872586369514,"07-2018 to 10-2018"
33.5,-91.5,9.74780976772308,0.0271993516944349,5.37747836112976,0.774783030152321,0.206312265247107,"07-2018 to 10-2018"
33.5,-90.5,9.54861485958099,0.0275950692594051,5.50496816635132,0.710115760564804,0.174290057271719,"07-2018 to 10-2018"
33.5,-89.5,9.29670071601868,0.0254293540492654,5.24320435523987,0.80929496884346,0.181000076234341,"07-2018 to 10-2018"
33.5,-88.5,9.19170415401459,0.0245937933214009,6.25394725799561,1.0294126495719,0.22338043898344,"07-2018 to 10-2018"
33.5,-87.5,8.92932045459747,0.0250124698504806,9.01096493005753,1.1312999650836,0.265363249927759,"07-2018 to 10-2018"
33.5,-86.5,8.9330039024353,0.0277681346051395,9.94234162569046,1.18558590114117,0.315536964684725,"07-2018 to 10-2018"
33.5,-85.5,8.85928177833557,0.0297906645573676,10.6843493580818,1.21146136522293,0.352904282510281,"07-2018 to 10-2018"
33.5,-84.5,9.23750722408295,0.0303352791815996,10.9238976240158,1.31643581390381,0.357398517429829,"07-2018 to 10-2018"
33.5,-83.5,9.27037119865417,0.0293370061554015,10.583978831768,1.01518516242504,0.336432844400406,"07-2018 to 10-2018"
33.5,-82.5,9.54718005657196,0.0275946017354727,8.63383281230927,0.874079078435898,0.271176725625992,"07-2018 to 10-2018"
33.5,-81.5,9.30172371864319,0.0287808636203408,4.47006809711456,0.578926287591457,0.196733448654413,"07-2018 to 10-2018"
33.5,-80.5,8.87138140201569,0.0260836193338037,4.01874077320099,0.262126866728067,0.182345304638147,"07-2018 to 10-2018"
33.5,-79.5,7.87136495113373,0.0279299183748662,3.34254050254822,0.3203334659338,0.209171041846275,"07-2018 to 10-2018"
34.5,-119.5,6.85488271713257,0.0326093309558928,6.60988110303879,0.703891754150391,0.204644156619906,"07-2018 to 10-2018"
34.5,-118.5,8.49848878383636,0.0365048618987203,7.45337045192719,0.715821042656898,0.226377051323652,"07-2018 to 10-2018"
34.5,-117.5,8.76328945159912,0.0440985001623631,7.43965971469879,0.704787693917751,0.239192623645067,"07-2018 to 10-2018"
34.5,-116.5,8.30321323871613,0.0482844514772296,11.6022579669952,0.924949817359447,0.246667116880417,"07-2018 to 10-2018"
34.5,-115.5,7.13931739330292,0.045864692889154,13.5567506551743,0.906226605176926,0.250096369534731,"07-2018 to 10-2018"
34.5,-114.5,5.41849827766418,0.0417880564928055,14.2633322477341,1.05308006703854,0.255156736820936,"07-2018 to 10-2018"
34.5,-113.5,4.31177592277527,0.0391604714095592,12.0508606433868,1.19547522068024,0.245817746967077,"07-2018 to 10-2018"
34.5,-112.5,5.01659202575684,0.0400689067319036,8.94248044490814,1.23389169573784,0.210673645138741,"07-2018 to 10-2018"
34.5,-111.5,4.91914886236191,0.0416884375736117,8.1700245141983,1.46160842478275,0.213762849569321,"07-2018 to 10-2018"
34.5,-110.5,4.6881707906723,0.042380852624774,7.46005022525787,1.94850286841393,0.206236280500889,"07-2018 to 10-2018"
34.5,-109.5,4.28832590579987,0.0416545206680894,6.36819219589233,2.07697091251612,0.203262940049171,"07-2018 to 10-2018"
34.5,-108.5,4.07432872056961,0.0420556487515569,4.17685067653656,1.916009940207,0.196209404617548,"07-2018 to 10-2018"
34.5,-107.5,4.02841049432755,0.041851257905364,4.01275742053986,1.79789189994335,0.198015920817852,"07-2018 to 10-2018"
34.5,-106.5,4.43983989953995,0.0417906884104013,4.30896192789078,1.73651757836342,0.185601588338614,"07-2018 to 10-2018"
34.5,-105.5,4.85334062576294,0.042163179256022,4.95641922950745,2.10487069934607,0.201783526688814,"07-2018 to 10-2018"
34.5,-104.5,6.11935091018677,0.0424667801707983,6.10719692707062,1.88060342520475,0.214499302208424,"07-2018 to 10-2018"
34.5,-103.5,7.83152401447296,0.0427828943356872,6.405925989151,1.95689546316862,0.225662760436535,"07-2018 to 10-2018"
34.5,-102.5,7.93166446685791,0.0415703584440053,6.89332270622253,1.41199714690447,0.234145440161228,"07-2018 to 10-2018"
34.5,-101.5,8.09506928920746,0.0386140588670969,6.44265747070312,1.46441404521465,0.248462069779634,"07-2018 to 10-2018"
34.5,-100.5,8.38372981548309,0.0368097224272788,6.58844721317291,1.78186672925949,0.257348388433456,"07-2018 to 10-2018"
34.5,-99.5,8.64577901363373,0.035261589102447,6.77044522762299,1.65508832037449,0.25766047090292,"07-2018 to 10-2018"
34.5,-98.5,8.56641137599945,0.0354985594749451,7.04150772094727,0.728561013936996,0.258139658719301,"07-2018 to 10-2018"
34.5,-97.5,8.40830838680267,0.032628184184432,7.04372572898865,0.567583568394184,0.258279416710138,"07-2018 to 10-2018"
34.5,-96.5,8.86975693702698,0.0304540088400245,6.46403646469116,0.308793541043997,0.255625206977129,"07-2018 to 10-2018"
34.5,-95.5,9.00517678260803,0.0294437217526138,5.89261698722839,0.327887888997793,0.250674948096275,"07-2018 to 10-2018"
34.5,-94.5,9.72712028026581,0.0309845549054444,5.39128911495209,0.551601633429527,0.249888129532337,"07-2018 to 10-2018"
34.5,-93.5,9.90432119369507,0.0292392582632601,5.43543243408203,0.635504208505154,0.261306755244732,"07-2018 to 10-2018"
34.5,-92.5,10.5596793889999,0.0275690811686218,5.90359079837799,0.667985327541828,0.274806663393974,"07-2018 to 10-2018"
34.5,-91.5,10.3346195220947,0.0280407867394388,5.81672269105911,0.67238525301218,0.262112282216549,"07-2018 to 10-2018"
34.5,-90.5,9.25021910667419,0.0276057790033519,5.87739592790604,0.778827741742134,0.233740173280239,"07-2018 to 10-2018"
34.5,-89.5,9.02866983413696,0.0268621747381985,5.80000758171082,0.755944274365902,0.227638829499483,"07-2018 to 10-2018"
34.5,-88.5,9.31190955638885,0.0262478347867727,6.8153640627861,0.955447360873222,0.251372046768665,"07-2018 to 10-2018"
34.5,-87.5,9.12435173988342,0.0268064485862851,8.94494485855103,1.05011307448149,0.273070648312569,"07-2018 to 10-2018"
34.5,-86.5,8.92720353603363,0.0290399640798569,9.5311307311058,1.1279549524188,0.313223861157894,"07-2018 to 10-2018"
34.5,-85.5,8.9988876581192,0.0242282492108643,10.0971041321754,1.29475885629654,0.336869426071644,"07-2018 to 10-2018"
34.5,-84.5,9.24250948429108,0.0304492665454745,10.4632304310799,1.07079888880253,0.354661893099546,"07-2018 to 10-2018"
34.5,-83.5,8.98569297790527,0.0301927211694419,9.37208992242813,0.426228176802397,0.31857206299901,"07-2018 to 10-2018"
34.5,-82.5,8.26063299179077,0.0311849261634052,7.2281442284584,0.285947941243649,0.228314124047756,"07-2018 to 10-2018"
34.5,-81.5,8.91255509853363,0.0330105973407626,5.36528462171555,0.245091645047069,0.194193482398987,"07-2018 to 10-2018"
34.5,-80.5,8.87188541889191,0.0326389302499592,4.79655909538269,0.248432679101825,0.197884131222963,"07-2018 to 10-2018"
34.5,-79.5,8.20014119148254,0.0292055737227201,4.89550650119781,0.251759415492415,0.222654029726982,"07-2018 to 10-2018"
34.5,-78.5,6.63436257839203,0.0285365046001971,4.55184841156006,0.301002472639084,0.227178651839495,"07-2018 to 10-2018"
35.5,-120.5,7.25463724136353,0.030007722787559,5.87781468033791,0.788146652281284,0.230599969625473,"07-2018 to 10-2018"
35.5,-119.5,8.36477184295654,0.037279985845089,6.69476813077927,0.733346611261368,0.240336567163467,"07-2018 to 10-2018"
35.5,-118.5,8.68913233280182,0.0419904002919793,7.96353912353516,0.682078756392002,0.234073627740145,"07-2018 to 10-2018"
35.5,-117.5,7.03295111656189,0.0451557328924537,11.3105375766754,0.624298699200153,0.240666285157204,"07-2018 to 10-2018"
35.5,-116.5,5.91605806350708,0.0441251797601581,14.1976711750031,0.565612189471722,0.240483991801739,"07-2018 to 10-2018"
35.5,-115.5,5.44093489646912,0.0433737579733133,14.4565243721008,0.528552927076817,0.254425000399351,"07-2018 to 10-2018"
35.5,-114.5,5.88750493526459,0.0431433180347085,14.3964110612869,0.595286957919598,0.258080743253231,"07-2018 to 10-2018"
35.5,-113.5,5.63652098178864,0.0411123791709542,14.2710489034653,0.98718287050724,0.253127463161945,"07-2018 to 10-2018"
35.5,-112.5,5.32176029682159,0.0406392896547914,10.1823385953903,1.28705827891827,0.25112609192729,"07-2018 to 10-2018"
35.5,-111.5,4.81326079368591,0.0391599806025624,8.33175718784332,1.48491313308477,0.253489524126053,"07-2018 to 10-2018"
35.5,-110.5,4.1601830124855,0.0407751798629761,5.28766787052155,1.46064773947001,0.215286318212748,"07-2018 to 10-2018"
35.5,-109.5,3.57526367902756,0.0418033227324486,3.86570227146149,1.52240959554911,0.210371043533087,"07-2018 to 10-2018"
35.5,-108.5,3.65812987089157,0.0422570332884789,3.04978713393211,1.34617014974356,0.21279788762331,"07-2018 to 10-2018"
35.5,-107.5,3.82984668016434,0.0419675782322884,2.89317056536674,1.38094251602888,0.18885787576437,"07-2018 to 10-2018"
35.5,-106.5,4.3585609793663,0.0408570608124137,3.53193372488022,1.64416491985321,0.203856516629457,"07-2018 to 10-2018"
35.5,-105.5,5.04052072763443,0.0419229213148355,4.77231305837631,1.57659019529819,0.219049364328384,"07-2018 to 10-2018"
35.5,-104.5,6.18637800216675,0.042074229568243,5.69166904687881,1.92775050550699,0.221676055341959,"07-2018 to 10-2018"
35.5,-103.5,7.00841236114502,0.0421253396198153,8.22252023220062,1.66616078466177,0.225800532847643,"07-2018 to 10-2018"
35.5,-102.5,7.9836767911911,0.0406087203882635,7.6917222738266,1.71707420796156,0.259266328066587,"07-2018 to 10-2018"
35.5,-101.5,8.29542624950409,0.0378801701590419,7.79312968254089,3.59078391641378,0.257170189172029,"07-2018 to 10-2018"
35.5,-100.5,8.66165232658386,0.0369074461050332,6.97150611877441,2.59071902930737,0.254376392811537,"07-2018 to 10-2018"
35.5,-99.5,8.96953928470612,0.0353880552574992,6.91993653774261,1.78378148376942,0.260281160473824,"07-2018 to 10-2018"
35.5,-98.5,9.09462893009186,0.0352185508236289,7.34550380706787,0.906155996024609,0.262322854250669,"07-2018 to 10-2018"
35.5,-97.5,9.39825916290283,0.0350818196311593,7.57496273517609,0.763475745916367,0.265716698020697,"07-2018 to 10-2018"
35.5,-96.5,8.84985744953156,0.0313626388087869,6.14529144763947,0.337823443114758,0.255023468285799,"07-2018 to 10-2018"
35.5,-95.5,8.59491860866547,0.0298516578041017,5.78152638673782,0.3159722648561,0.233361575752497,"07-2018 to 10-2018"
35.5,-94.5,9.04235124588013,0.0271505648270249,5.83067840337753,0.3770990408957,0.244950756430626,"07-2018 to 10-2018"
35.5,-93.5,9.30529081821442,0.0297569837421179,5.73698288202286,0.47781191021204,0.265649102628231,"07-2018 to 10-2018"
35.5,-92.5,10.3366963863373,0.0286272643133998,5.85365897417068,0.586564004421234,0.270353991538286,"07-2018 to 10-2018"
35.5,-91.5,9.86635851860046,0.0284493886865675,5.90097779035568,0.632821246981621,0.268714148551226,"07-2018 to 10-2018"
35.5,-90.5,9.46729803085327,0.0277488073334098,6.06486320495605,0.708891153335571,0.256747364997864,"07-2018 to 10-2018"
35.5,-89.5,9.27015924453735,0.0274218022823334,6.12641578912735,0.754073552787304,0.261936511844397,"07-2018 to 10-2018"
35.5,-88.5,9.14681768417358,0.02753223804757,6.42175495624542,0.892928011715412,0.260942231863737,"07-2018 to 10-2018"
35.5,-87.5,8.97516024112701,0.0283179022371769,7.48748099803925,0.829442776739597,0.274245943874121,"07-2018 to 10-2018"
35.5,-86.5,9.03035879135132,0.0305439569056034,8.48313170671463,0.880534470081329,0.279196586459875,"07-2018 to 10-2018"
35.5,-85.5,9.10150396823883,0.0321706389077008,8.08544343709946,0.805750221014023,0.280964192003012,"07-2018 to 10-2018"
35.5,-84.5,8.87381374835968,0.0329741407185793,5.97092711925507,0.507596135139465,0.247646249830723,"07-2018 to 10-2018"
35.5,-83.5,8.17572724819183,0.0314311101101339,5.05339252948761,0.316849553957582,0.229575183242559,"07-2018 to 10-2018"
35.5,-82.5,7.33873987197876,0.0287445755675435,6.37768077850342,0.2266980484128,0.241239134222269,"07-2018 to 10-2018"
35.5,-81.5,8.4234391450882,0.0300157656893134,6.42591518163681,0.267947100102901,0.240412451326847,"07-2018 to 10-2018"
35.5,-80.5,8.78604209423065,0.032908733934164,6.14654743671417,0.294253688305616,0.240353412926197,"07-2018 to 10-2018"
35.5,-79.5,8.11302435398102,0.0309907267801464,5.85452878475189,0.337918467819691,0.241836812347174,"07-2018 to 10-2018"
35.5,-78.5,8.67254650592804,0.0276936003938317,5.03703331947327,0.487566486001015,0.234390750527382,"07-2018 to 10-2018"
35.5,-77.5,7.59818828105927,0.0299263917841017,4.56079041957855,0.645064361393452,0.234004959464073,"07-2018 to 10-2018"
35.5,-76.5,7.31075429916382,0.0295687029138207,5.47947347164154,0.486986316740513,0.240017831325531,"07-2018 to 10-2018"
36.5,-121.5,4.6911838054657,0.0271910862065852,4.62198603153229,0.577460043132305,0.200699631124735,"07-2018 to 10-2018"
36.5,-120.5,7.06601929664612,0.0320376823656261,6.57287275791168,0.602896712720394,0.249084990471601,"07-2018 to 10-2018"
36.5,-119.5,7.52695178985596,0.0414355294778943,7.00211030244827,0.595065370202065,0.255855321884155,"07-2018 to 10-2018"
36.5,-118.5,7.72971212863922,0.0468725254759192,8.67133224010468,0.527976080775261,0.236782789230347,"07-2018 to 10-2018"
36.5,-117.5,7.69474625587463,0.0464688129723072,14.6266968250275,0.498464703559875,0.241833545267582,"07-2018 to 10-2018"
36.5,-116.5,5.69372403621674,0.0452804369851947,14.5184321403503,0.469424299895763,0.226795691996813,"07-2018 to 10-2018"
36.5,-115.5,5.86139488220215,0.0424403492361307,13.3964976072311,0.441688597202301,0.202510960400105,"07-2018 to 10-2018"
36.5,-114.5,6.02147841453552,0.0397096062079072,14.1303839683533,0.461904726922512,0.252972934395075,"07-2018 to 10-2018"
36.5,-113.5,5.89510405063629,0.0402427343651652,9.6618732213974,0.715440183877945,0.251179676502943,"07-2018 to 10-2018"
36.5,-112.5,5.76372742652893,0.0414434261620045,9.2213226556778,0.865502096712589,0.249615840613842,"07-2018 to 10-2018"
36.5,-111.5,4.9104905128479,0.0412179818376899,6.93037247657776,0.949641384184361,0.259234853088856,"07-2018 to 10-2018"
36.5,-110.5,4.16515094041824,0.0407869694754481,4.02439588308334,1.16353303939104,0.258214700967073,"07-2018 to 10-2018"
36.5,-109.5,3.79953807592392,0.042131413705647,3.0534480214119,0.95365509390831,0.178457945585251,"07-2018 to 10-2018"
36.5,-108.5,3.93621742725372,0.0428170999512076,2.93401005864143,0.80903584882617,0.201087456196547,"07-2018 to 10-2018"
36.5,-107.5,4.24690729379654,0.0421027662232518,2.81755682826042,0.832481823861599,0.20476470887661,"07-2018 to 10-2018"
36.5,-106.5,4.66458654403687,0.0419877730309963,4.21418035030365,0.90980239212513,0.204937025904655,"07-2018 to 10-2018"
36.5,-105.5,5.18930089473724,0.0418894402682781,5.40698355436325,0.931478723883629,0.205103438347578,"07-2018 to 10-2018"
36.5,-104.5,5.69690096378326,0.0412192279472947,7.80881261825562,1.70539825409651,0.216105550527573,"07-2018 to 10-2018"
36.5,-103.5,6.59512758255005,0.0411407807841897,10.1742782592773,1.62686289846897,0.235756043344736,"07-2018 to 10-2018"
36.5,-102.5,7.41163969039917,0.0400652973912656,11.4273760318756,2.22833748161793,0.233853433281183,"07-2018 to 10-2018"
36.5,-101.5,8.1961053609848,0.0370296374894679,9.2384786605835,2.70915590971708,0.260312676429749,"07-2018 to 10-2018"
36.5,-100.5,8.85165500640869,0.0364795909263194,7.56205308437347,2.36780870705843,0.255553647875786,"07-2018 to 10-2018"
36.5,-99.5,8.90365123748779,0.0353372688405216,6.99843299388885,1.63739884644747,0.25880516692996,"07-2018 to 10-2018"
36.5,-98.5,8.88214266300201,0.0352574833668768,6.67217183113098,1.19702333211899,0.264838505536318,"07-2018 to 10-2018"
36.5,-97.5,8.08619654178619,0.0339999063871801,6.26793789863586,1.1576074436307,0.262700710445642,"07-2018 to 10-2018"
36.5,-96.5,8.15964686870575,0.0301885055378079,5.71792817115784,0.454340308904648,0.230722595006227,"07-2018 to 10-2018"
36.5,-95.5,8.46152520179749,0.0295811258256435,5.53227323293686,0.437059782445431,0.221231199800968,"07-2018 to 10-2018"
36.5,-94.5,8.57348740100861,0.027165291365236,5.7997824549675,0.449562519788742,0.241294790059328,"07-2018 to 10-2018"
36.5,-93.5,8.81779050827026,0.0278139333240688,5.59142303466797,0.440009996294975,0.262814659625292,"07-2018 to 10-2018"
36.5,-92.5,9.63951599597931,0.0285337157547474,5.55116885900497,0.519525334239006,0.276548404246569,"07-2018 to 10-2018"
36.5,-91.5,10.0005486011505,0.0288089541718364,5.75619238615036,0.633990995585918,0.278048533946276,"07-2018 to 10-2018"
36.5,-90.5,9.51812541484833,0.0283400216139853,5.80167776346207,0.703273311257362,0.283592380583286,"07-2018 to 10-2018"
36.5,-89.5,8.96659004688263,0.0283376597799361,6.00554555654526,0.757346764206886,0.3108726516366,"07-2018 to 10-2018"
36.5,-88.5,8.74976205825806,0.0292097837664187,6.61783593893051,0.841421768069267,0.305715151131153,"07-2018 to 10-2018"
36.5,-87.5,8.54986155033112,0.0302019640803337,6.80090755224228,0.866447433829308,0.276955392211676,"07-2018 to 10-2018"
36.5,-86.5,8.77168154716492,0.0314605729654431,8.42118263244629,0.623665183782578,0.245250903069973,"07-2018 to 10-2018"
36.5,-85.5,8.89599990844727,0.0311467130668461,8.08953994512558,0.610985107719898,0.234525356441736,"07-2018 to 10-2018"
36.5,-84.5,8.7712584733963,0.030305762309581,6.89654362201691,0.43620191514492,0.244144596159458,"07-2018 to 10-2018"
36.5,-83.5,8.74464857578278,0.0282194474712014,5.10799205303192,0.340198244899511,0.206323586404324,"07-2018 to 10-2018"
36.5,-82.5,7.709956407547,0.0295569957233965,5.54721903800964,0.57128693908453,0.208169367164373,"07-2018 to 10-2018"
36.5,-81.5,7.82085835933685,0.0283254981040955,5.94247829914093,0.873663917183876,0.228552270680666,"07-2018 to 10-2018"
36.5,-80.5,8.26655232906342,0.032180274836719,5.73561823368073,0.792774587869644,0.234832316637039,"07-2018 to 10-2018"
36.5,-79.5,7.76218140125275,0.031515896320343,5.55125045776367,0.787521913647652,0.239590488374233,"07-2018 to 10-2018"
36.5,-78.5,8.14099323749542,0.0313969068229198,5.53888201713562,0.825983703136444,0.245801825076342,"07-2018 to 10-2018"
36.5,-77.5,8.18499553203583,0.0290332771837711,4.15117314457893,0.616468384861946,0.240761827677488,"07-2018 to 10-2018"
36.5,-76.5,6.91627943515778,0.0293694511055946,5.3237715959549,0.515044547617435,0.240371704101562,"07-2018 to 10-2018"
37.5,-121.5,5.97631549835205,0.0280618844553828,8.22790718078613,0.646523341536522,0.28551984578371,"07-2018 to 10-2018"
37.5,-120.5,6.60197031497955,0.034777111839503,7.93277394771576,0.654359504580498,0.269416090101004,"07-2018 to 10-2018"
37.5,-119.5,6.96868431568146,0.0410504876635969,8.19212818145752,0.646852247416973,0.273109771311283,"07-2018 to 10-2018"
37.5,-118.5,7.1918078660965,0.0431545600295067,8.71808588504791,0.635681882500648,0.269683808088303,"07-2018 to 10-2018"
37.5,-117.5,7.45764410495758,0.046443291939795,14.6062545776367,0.546857804059982,0.243427481502295,"07-2018 to 10-2018"
37.5,-116.5,5.86228930950165,0.0434769289568067,14.5201795101166,0.517939925193787,0.241247486323118,"07-2018 to 10-2018"
37.5,-115.5,5.85665082931519,0.0416072402149439,14.4234714508057,0.507608845829964,0.238532166928053,"07-2018 to 10-2018"
37.5,-114.5,5.77130794525146,0.0390819469466805,10.4575872421265,0.521301053464413,0.244740042835474,"07-2018 to 10-2018"
37.5,-113.5,5.6236789226532,0.040206165984273,7.96109843254089,0.557148858904839,0.247261174023151,"07-2018 to 10-2018"
37.5,-112.5,5.49731361865997,0.0394820822402835,8.25664877891541,0.596616044640541,0.247391004115343,"07-2018 to 10-2018"
37.5,-111.5,5.25261700153351,0.0407523335888982,5.02754986286163,0.593654528260231,0.130622899159789,"07-2018 to 10-2018"
37.5,-110.5,4.82908523082733,0.041706120595336,3.52386981248856,0.568594478070736,0.070481572765857,"07-2018 to 10-2018"
37.5,-109.5,4.72109061479568,0.0416059391573071,2.97849303483963,0.525517970323563,0.0706593948416412,"07-2018 to 10-2018"
37.5,-108.5,4.71826362609863,0.0395133458077908,2.90874117612839,0.745617669075727,0.181716838851571,"07-2018 to 10-2018"
37.5,-107.5,4.68998599052429,0.0403403183445334,3.8758350610733,0.825446151196957,0.182256068103015,"07-2018 to 10-2018"
37.5,-106.5,4.96596932411194,0.0401382213458419,5.21726608276367,0.681782089173794,0.183033984154463,"07-2018 to 10-2018"
37.5,-105.5,5.20609092712402,0.0409478372894228,9.62600409984589,0.724518999457359,0.183969605714083,"07-2018 to 10-2018"
37.5,-104.5,5.41909372806549,0.0409475029446185,10.8100022673607,0.955655664205551,0.206354048103094,"07-2018 to 10-2018"
37.5,-103.5,6.01362788677216,0.0412669852375984,11.0426746606827,1.19505701214075,0.237320709973574,"07-2018 to 10-2018"
37.5,-102.5,6.4499683380127,0.0409832033328712,10.7532955408096,1.55373705178499,0.235241182148457,"07-2018 to 10-2018"
37.5,-101.5,7.20307087898254,0.0382265686057508,10.2126966714859,1.96358426660299,0.235404226928949,"07-2018 to 10-2018"
37.5,-100.5,8.70441782474518,0.0355934523977339,7.7912974357605,1.86927882581949,0.253751076757908,"07-2018 to 10-2018"
37.5,-99.5,8.78980386257172,0.035168640781194,7.32746660709381,1.47878870368004,0.266363147646189,"07-2018 to 10-2018"
37.5,-98.5,8.64712059497833,0.0344378403387964,6.55559551715851,0.954024821519852,0.261072184890509,"07-2018 to 10-2018"
37.5,-97.5,8.20650887489319,0.0308431750163436,6.20098519325256,0.849413946270943,0.257049549371004,"07-2018 to 10-2018"
37.5,-96.5,8.26497626304626,0.0296856393106282,5.940822660923,0.527546875178814,0.248379480093718,"07-2018 to 10-2018"
37.5,-95.5,8.45107781887054,0.0293543459847569,5.62950456142426,0.403806671500206,0.244215346872807,"07-2018 to 10-2018"
37.5,-94.5,8.59259390830994,0.0282882312312722,5.78077751398087,0.411266565322876,0.249730508774519,"07-2018 to 10-2018"
37.5,-93.5,8.60990035533905,0.0279743853025138,4.7786682844162,0.400222554802895,0.264190670102835,"07-2018 to 10-2018"
37.5,-92.5,9.63983595371246,0.0281138848513365,5.21098446846008,0.618443965911865,0.273334439843893,"07-2018 to 10-2018"
37.5,-91.5,9.78415811061859,0.0302113206125796,5.38186919689178,0.66442383825779,0.28837687894702,"07-2018 to 10-2018"
37.5,-90.5,9.50669133663177,0.0299022309482098,5.51002341508865,0.712790429592133,0.319504279643297,"07-2018 to 10-2018"
37.5,-89.5,8.63307344913483,0.0288000479340553,6.16492569446564,0.704844616353512,0.329241238534451,"07-2018 to 10-2018"
37.5,-88.5,8.40795791149139,0.0286019649356604,6.52736222743988,0.969995260238647,0.308448735624552,"07-2018 to 10-2018"
37.5,-87.5,8.59417974948883,0.0277903494425118,7.74820119142532,1.00281535089016,0.293402526527643,"07-2018 to 10-2018"
37.5,-86.5,8.60892236232758,0.0290155825205147,8.74969685077667,0.729353927075863,0.252778101712465,"07-2018 to 10-2018"
37.5,-85.5,8.61072874069214,0.0312246927060187,9.03865373134613,0.743475623428822,0.242069929838181,"07-2018 to 10-2018"
37.5,-84.5,8.90495431423187,0.0314075169153512,8.94792556762695,0.843921646475792,0.23469040542841,"07-2018 to 10-2018"
37.5,-83.5,8.46764504909515,0.0297817415557802,8.07750469446182,0.655823335051537,0.230902627110481,"07-2018 to 10-2018"
37.5,-82.5,7.76597821712494,0.0290159876458347,7.44347125291824,0.750609844923019,0.210948582738638,"07-2018 to 10-2018"
37.5,-81.5,7.81331717967987,0.0299865533597767,6.51415711641312,1.2309318035841,0.198659915477037,"07-2018 to 10-2018"
37.5,-80.5,7.9427638053894,0.0314559154212475,5.69029414653778,1.64854224026203,0.214572388678789,"07-2018 to 10-2018"
37.5,-79.5,7.74216258525848,0.0314667774364352,5.19751238822937,1.0666346848011,0.210275545716286,"07-2018 to 10-2018"
37.5,-78.5,7.44924056529999,0.030987735837698,5.55338990688324,1.03061320632696,0.231020033359528,"07-2018 to 10-2018"
37.5,-77.5,7.68669617176056,0.0318369558081031,6.24904537200928,0.621215388178825,0.238725040107965,"07-2018 to 10-2018"
37.5,-76.5,6.99522197246552,0.0331180384382606,6.6755143404007,0.517086908221245,0.246569223701954,"07-2018 to 10-2018"
38.5,-122.5,6.11587941646576,0.0268376786261797,6.76650583744049,0.643203012645245,0.232918363064528,"07-2018 to 10-2018"
38.5,-121.5,6.0455573797226,0.0310159027576447,7.1744270324707,0.66249655932188,0.254033271223307,"07-2018 to 10-2018"
38.5,-120.5,5.97620260715485,0.0375830428674817,8.01585483551025,0.651890851557255,0.2632190361619,"07-2018 to 10-2018"
38.5,-119.5,5.88820958137512,0.0395604036748409,8.59174144268036,0.629258379340172,0.275153562426567,"07-2018 to 10-2018"
38.5,-118.5,6.61376988887787,0.041575325652957,9.40112543106079,0.619842901825905,0.292882058769464,"07-2018 to 10-2018"
38.5,-117.5,6.85386884212494,0.0455435011535883,15.0680153369904,0.577118709683418,0.2461445517838,"07-2018 to 10-2018"
38.5,-116.5,5.79081499576569,0.0431495644152164,14.6000859737396,0.580706417560577,0.246039766818285,"07-2018 to 10-2018"
38.5,-115.5,5.70297718048096,0.0406481102108955,11.4212963581085,0.583100065588951,0.247111149132252,"07-2018 to 10-2018"
38.5,-114.5,5.63018488883972,0.0414500022307038,10.3670780658722,0.58283556252718,0.244000166654587,"07-2018 to 10-2018"
38.5,-113.5,5.55380928516388,0.0402124226093292,6.5221494436264,0.605982482433319,0.0710562178865075,"07-2018 to 10-2018"
38.5,-112.5,5.58109760284424,0.0400331243872643,4.98765993118286,0.620382584631443,0.0701351934112608,"07-2018 to 10-2018"
38.5,-111.5,5.7037787437439,0.0413023605942726,4.33459836244583,0.608052797615528,0.0695054158568382,"07-2018 to 10-2018"
38.5,-110.5,5.70644271373749,0.0429065991193056,3.47440391778946,0.602734223008156,0.0696724439039826,"07-2018 to 10-2018"
38.5,-109.5,5.54068350791931,0.0424105385318398,3.39624175429344,0.569388628005981,0.061379546765238,"07-2018 to 10-2018"
38.5,-108.5,5.18700981140137,0.0400783848017454,3.36988568305969,0.582135170698166,0.181348520331085,"07-2018 to 10-2018"
38.5,-107.5,5.45886015892029,0.0381438448093832,5.5979083776474,0.639456227421761,0.18192642647773,"07-2018 to 10-2018"
38.5,-106.5,5.26465511322021,0.0388641580939293,8.57449239492416,0.690072618424892,0.1829898012802,"07-2018 to 10-2018"
38.5,-105.5,5.28054356575012,0.0401837923564017,10.6894904375076,0.715911068022251,0.185752742923796,"07-2018 to 10-2018"
38.5,-104.5,5.30603551864624,0.0399089874699712,10.7457627654076,0.698250450193882,0.187716252170503,"07-2018 to 10-2018"
38.5,-103.5,5.705073595047,0.0409314348362386,10.8465400934219,0.797072105109692,0.238702222704887,"07-2018 to 10-2018"
38.5,-102.5,6.17816054821014,0.0403736531734467,10.6648007631302,1.03906011581421,0.236493784934282,"07-2018 to 10-2018"
38.5,-101.5,6.30246484279633,0.0387258548289537,10.1166216135025,1.33521852642298,0.237215604633093,"07-2018 to 10-2018"
38.5,-100.5,7.11123371124268,0.0371362441219389,10.2452001571655,1.54697852581739,0.240154568105936,"07-2018 to 10-2018"
38.5,-99.5,7.77116191387177,0.0330004552379251,6.94505107402802,1.3074627071619,0.264546468853951,"07-2018 to 10-2018"
38.5,-98.5,7.58596575260162,0.0310921263881028,6.26805508136749,0.77197439968586,0.264967408031225,"07-2018 to 10-2018"
38.5,-97.5,7.54930067062378,0.0291676474735141,5.69226908683777,0.726044818758965,0.264508415013552,"07-2018 to 10-2018"
38.5,-96.5,7.99268853664398,0.0297278603538871,5.44352722167969,0.676128879189491,0.263463638722897,"07-2018 to 10-2018"
38.5,-95.5,7.92876923084259,0.0292627876624465,5.11150562763214,0.503419265151024,0.260026395320892,"07-2018 to 10-2018"
38.5,-94.5,8.16621065139771,0.0280671175569296,4.29298150539398,0.404155373573303,0.259911067783833,"07-2018 to 10-2018"
38.5,-93.5,8.05073070526123,0.0289512039162219,4.03930377960205,0.48891581594944,0.260362673550844,"07-2018 to 10-2018"
38.5,-92.5,8.99361264705658,0.0297767957672477,4.03022086620331,0.55077038705349,0.257202111184597,"07-2018 to 10-2018"
38.5,-91.5,8.8578108549118,0.0295669846236706,4.54966235160828,0.622346967458725,0.291644923388958,"07-2018 to 10-2018"
38.5,-90.5,9.17011201381683,0.029184877872467,5.78430187702179,0.650469705462456,0.339457623660564,"07-2018 to 10-2018"
38.5,-89.5,8.9755836725235,0.029211638495326,5.82566809654236,0.67184254527092,0.341666091233492,"07-2018 to 10-2018"
38.5,-88.5,8.3525013923645,0.0288507165387273,6.38289129734039,0.941006354987621,0.33021305501461,"07-2018 to 10-2018"
38.5,-87.5,8.53130578994751,0.0285616810433567,7.32469749450684,1.01055118441582,0.311460919678211,"07-2018 to 10-2018"
38.5,-86.5,8.44956481456757,0.0297808852046728,8.64233857393265,0.887408807873726,0.338672813028097,"07-2018 to 10-2018"
38.5,-85.5,8.5027961730957,0.0297586726956069,9.8332005739212,1.06300270557404,0.316930063068867,"07-2018 to 10-2018"
38.5,-84.5,9.69794142246246,0.0331452819518745,10.2073482275009,1.16952447593212,0.248928692191839,"07-2018 to 10-2018"
38.5,-83.5,8.85938227176666,0.031271044164896,9.54998290538788,0.661916047334671,0.243156436830759,"07-2018 to 10-2018"
38.5,-82.5,8.20939493179321,0.0279840733855963,7.95038509368896,0.568976923823357,0.200756084173918,"07-2018 to 10-2018"
38.5,-81.5,7.79524743556976,0.0299451416358352,5.93779283761978,0.796347945928574,0.187637783586979,"07-2018 to 10-2018"
38.5,-80.5,7.76507759094238,0.028217040002346,4.80228292942047,1.12984040379524,0.179963048547506,"07-2018 to 10-2018"
38.5,-79.5,7.36722922325134,0.0302815558388829,5.05779981613159,0.951170355081558,0.206211786717176,"07-2018 to 10-2018"
38.5,-78.5,7.22491490840912,0.0351283433847129,6.58270001411438,0.767943516373634,0.243105567991734,"07-2018 to 10-2018"
38.5,-77.5,7.85534429550171,0.0324320620857179,7.06550967693329,0.542624987661839,0.253239057958126,"07-2018 to 10-2018"
38.5,-76.5,7.90428757667542,0.0321277785114944,7.18415296077728,0.540732532739639,0.255350571125746,"07-2018 to 10-2018"
38.5,-75.5,6.97216522693634,0.0322790960781276,7.03404188156128,0.305967025458813,0.246351763606071,"07-2018 to 10-2018"
39.5,-123.5,6.47730994224548,0.0280840112827718,7.45934706926346,0.640257529914379,0.245331481099129,"07-2018 to 10-2018"
39.5,-122.5,6.95120346546173,0.0335091622546315,7.28332936763763,0.634755164384842,0.239494197070599,"07-2018 to 10-2018"
39.5,-121.5,6.21484875679016,0.0399832613766193,7.26092791557312,0.658532455563545,0.242412839084864,"07-2018 to 10-2018"
39.5,-120.5,5.14112901687622,0.0401270142756402,7.99090975522995,0.653063148260117,0.258369997143745,"07-2018 to 10-2018"
39.5,-119.5,5.2134917974472,0.0381359974853694,8.33375424146652,0.647330746054649,0.269439905881882,"07-2018 to 10-2018"
39.5,-118.5,5.21687293052673,0.0391311654821038,8.75888532400131,0.642155863344669,0.271546747535467,"07-2018 to 10-2018"
39.5,-117.5,5.39067423343658,0.0413835416547954,14.1660072803497,0.593962714076042,0.258720248937607,"07-2018 to 10-2018"
39.5,-116.5,5.50842022895813,0.0416249632835388,11.4064373970032,0.617977030575275,0.24863613396883,"07-2018 to 10-2018"
39.5,-115.5,5.85777807235718,0.0406951112672687,7.86061882972717,0.619869217276573,0.0775710972957313,"07-2018 to 10-2018"
39.5,-114.5,6.03538131713867,0.0406819973140955,6.6539431810379,0.617549456655979,0.0772716160863638,"07-2018 to 10-2018"
39.5,-113.5,5.97574365139008,0.0403071544133127,6.23912298679352,0.630576096475124,0.071548109408468,"07-2018 to 10-2018"
39.5,-112.5,6.26658630371094,0.039278160315007,6.11852478981018,0.632725745439529,0.0690679345279932,"07-2018 to 10-2018"
39.5,-111.5,6.48578882217407,0.0418705455958843,4.54185599088669,0.629534892737865,0.0663367891684175,"07-2018 to 10-2018"
39.5,-110.5,5.95494902133942,0.0443005934357643,2.64860808849335,0.629152879118919,0.0603658547624946,"07-2018 to 10-2018"
39.5,-109.5,5.95508420467377,0.0399454077705741,3.73222118616104,0.61755708605051,0.0612354278564453,"07-2018 to 10-2018"
39.5,-108.5,6.0633008480072,0.0384157882072031,3.83607289195061,0.613617941737175,0.15225457213819,"07-2018 to 10-2018"
39.5,-107.5,5.79855525493622,0.0342932986095548,5.75848078727722,0.645681761205196,0.174093938432634,"07-2018 to 10-2018"
39.5,-106.5,5.62066924571991,0.0396894733421504,9.47628426551819,0.676458269357681,0.181400147266686,"07-2018 to 10-2018"
39.5,-105.5,5.63314414024353,0.0405205339193344,9.75341099500656,0.620996415615082,0.183454808779061,"07-2018 to 10-2018"
39.5,-104.5,5.84222340583801,0.0415522889234126,10.6551104187965,0.621520489454269,0.18129569105804,"07-2018 to 10-2018"
39.5,-103.5,6.27777063846588,0.0393628478050232,10.769747376442,0.630650080740452,0.227729834616184,"07-2018 to 10-2018"
39.5,-102.5,6.19621276855469,0.0374098876491189,10.4292348623276,0.813175119459629,0.214549459517002,"07-2018 to 10-2018"
39.5,-101.5,6.26136600971222,0.0357610108330846,10.0168255567551,0.573024168610573,0.216224629431963,"07-2018 to 10-2018"
39.5,-100.5,6.35607349872589,0.0340647385455668,10.1195913553238,0.556919075548649,0.220108911395073,"07-2018 to 10-2018"
39.5,-99.5,6.62503600120544,0.0290512307547033,8.3372517824173,0.543141409754753,0.262745842337608,"07-2018 to 10-2018"
39.5,-98.5,6.68962621688843,0.0276908916421235,6.08796370029449,0.400053068995476,0.273208986967802,"07-2018 to 10-2018"
39.5,-97.5,6.85013341903687,0.0276871030218899,5.2431401014328,0.37658678740263,0.272771295160055,"07-2018 to 10-2018"
39.5,-96.5,7.23697924613953,0.027685216628015,4.9375364780426,0.370264142751694,0.272593609988689,"07-2018 to 10-2018"
39.5,-95.5,7.14019346237183,0.0277724293991923,4.16823899745941,0.34388318285346,0.268815290182829,"07-2018 to 10-2018"
39.5,-94.5,7.29787313938141,0.0279682213440537,3.85350239276886,0.33562533557415,0.260546922683716,"07-2018 to 10-2018"
39.5,-93.5,7.3907562494278,0.0285380869172513,3.30177062749863,0.336336210370064,0.251763183623552,"07-2018 to 10-2018"
39.5,-92.5,7.87038350105286,0.0291591300629079,2.89933449029922,0.425823166966438,0.255756177008152,"07-2018 to 10-2018"
39.5,-91.5,7.94603025913239,0.0289994305931032,3.08528590202332,0.502388380467892,0.265404816716909,"07-2018 to 10-2018"
39.5,-90.5,8.11262857913971,0.0283241695724428,3.53247362375259,0.582108296453953,0.300056725740433,"07-2018 to 10-2018"
39.5,-89.5,8.35749733448029,0.0290435431525111,3.58331555128098,0.527307234704494,0.334297429770231,"07-2018 to 10-2018"
39.5,-88.5,8.29830551147461,0.0295771295204759,5.72054708003998,0.789433836936951,0.356831580400467,"07-2018 to 10-2018"
39.5,-87.5,9.16924703121185,0.0306749544106424,7.86199617385864,0.802895307540894,0.3878213763237,"07-2018 to 10-2018"
39.5,-86.5,9.04417395591736,0.0294871036894619,8.85599094629288,0.681382436305285,0.416596077382565,"07-2018 to 10-2018"
39.5,-85.5,8.95578074455261,0.0313049713149667,9.39414757490158,0.900006905198097,0.364854857325554,"07-2018 to 10-2018"
39.5,-84.5,9.6411759853363,0.0319686252623796,10.5440532565117,1.34709148108959,0.23104877024889,"07-2018 to 10-2018"
39.5,-83.5,9.35103869438171,0.0338559984229505,8.53325653076172,1.00197234749794,0.225000869482756,"07-2018 to 10-2018"
39.5,-82.5,8.0307776927948,0.0321103064343333,7.13038593530655,1.0604675412178,0.192480709403753,"07-2018 to 10-2018"
39.5,-81.5,8.26033794879913,0.0304071558639407,5.68393087387085,0.933384671807289,0.188059534877539,"07-2018 to 10-2018"
39.5,-80.5,9.36509108543396,0.0305834063328803,4.93194770812988,0.9359470307827,0.193458966910839,"07-2018 to 10-2018"
39.5,-79.5,8.0160516500473,0.0296450117602944,4.02051079273224,0.865560635924339,0.189269203692675,"07-2018 to 10-2018"
39.5,-78.5,6.54506003856659,0.029013795312494,4.04857778549194,0.721727095544338,0.183928161859512,"07-2018 to 10-2018"
39.5,-77.5,6.58484888076782,0.0307847768999636,6.67980301380157,0.564653970301151,0.245817355811596,"07-2018 to 10-2018"
39.5,-76.5,7.4167445898056,0.0335246892645955,6.57748711109161,0.707881830632687,0.240965601056814,"07-2018 to 10-2018"
39.5,-74.5,7.04557633399963,0.0332191633060575,8.78911304473877,0.310467399656773,0.228705953806639,"07-2018 to 10-2018"
40.5,-123.5,5.92392313480377,0.033216162584722,7.87483566999435,0.635646119713783,0.249488327652216,"07-2018 to 10-2018"
40.5,-122.5,5.46311688423157,0.035595050547272,7.68705540895462,0.670615270733833,0.239101503044367,"07-2018 to 10-2018"
40.5,-121.5,5.32116389274597,0.0354638020507991,7.71307092905045,0.658547848463058,0.245581656694412,"07-2018 to 10-2018"
40.5,-120.5,5.03026235103607,0.0370110790245235,7.90263485908508,0.654758512973785,0.247724451124668,"07-2018 to 10-2018"
40.5,-119.5,5.20746409893036,0.0368345747701824,8.06875026226044,0.65093021094799,0.253263670951128,"07-2018 to 10-2018"
40.5,-118.5,5.37305498123169,0.0367334973998368,7.96561652421951,0.647470965981483,0.243943363428116,"07-2018 to 10-2018"
40.5,-117.5,5.47173190116882,0.0377746084704995,8.16500461101532,0.629226624965668,0.113180471584201,"07-2018 to 10-2018"
40.5,-116.5,5.67294335365295,0.0369866220280528,8.84940969944,0.60945163667202,0.0844704387709498,"07-2018 to 10-2018"
40.5,-115.5,6.04119443893433,0.0372549123130739,8.08051478862762,0.614981338381767,0.0844697584398091,"07-2018 to 10-2018"
40.5,-114.5,6.44176256656647,0.0372022879309952,7.85019755363464,0.616407565772533,0.0844067586585879,"07-2018 to 10-2018"
40.5,-113.5,6.33435916900635,0.0366430790163577,7.56717646121979,0.630199782550335,0.0788675891235471,"07-2018 to 10-2018"
40.5,-112.5,6.19935441017151,0.0381548195146024,6.73256796598434,0.655735306441784,0.079370345454663,"07-2018 to 10-2018"
40.5,-111.5,6.65332412719727,0.0363082368858159,8.5365138053894,0.653756693005562,0.0586428306996822,"07-2018 to 10-2018"
40.5,-110.5,5.84831988811493,0.0391761618666351,4.97221028804779,0.636627912521362,0.0611421237699687,"07-2018 to 10-2018"
40.5,-109.5,5.10868871212006,0.039684247225523,3.38172121345997,0.641372360289097,0.0616800803691149,"07-2018 to 10-2018"
40.5,-108.5,6.57614743709564,0.0386514500714839,3.84447503089905,0.645647667348385,0.0801618527621031,"07-2018 to 10-2018"
40.5,-107.5,6.0330206155777,0.0379084781743586,4.54990386962891,0.695287577807903,0.171887638047338,"07-2018 to 10-2018"
40.5,-106.5,5.62004816532135,0.0408437238074839,9.19863206148148,0.695168249309063,0.160206512548029,"07-2018 to 10-2018"
40.5,-105.5,5.57056891918182,0.0391516117379069,8.43235528469086,0.677600301802158,0.147811434231699,"07-2018 to 10-2018"
40.5,-104.5,5.90342617034912,0.0376144158653915,8.94579952955246,0.674538373947144,0.132225215435028,"07-2018 to 10-2018"
40.5,-103.5,5.91852021217346,0.0382320340722799,10.6686357855797,0.602726489305496,0.177962746471167,"07-2018 to 10-2018"
40.5,-102.5,6.01627230644226,0.0363079849630594,10.3482325077057,0.577240973711014,0.203256353735924,"07-2018 to 10-2018"
40.5,-101.5,6.0999938249588,0.0345917968079448,9.99859189987183,0.517290607094765,0.208735756576061,"07-2018 to 10-2018"
40.5,-100.5,6.23713219165802,0.0314984037540853,10.0866045951843,0.441235080361366,0.231164488941431,"07-2018 to 10-2018"
40.5,-99.5,6.37373244762421,0.0278962822631001,9.94428753852844,0.45449573546648,0.252413749694824,"07-2018 to 10-2018"
40.5,-98.5,6.3028781414032,0.0275550917722285,4.78876495361328,0.37038629502058,0.267801385372877,"07-2018 to 10-2018"
40.5,-97.5,6.78416621685028,0.0274419421330094,4.85919868946075,0.331425491720438,0.280607111752033,"07-2018 to 10-2018"
40.5,-96.5,7.13541114330292,0.0275098085403442,4.57076144218445,0.303595628589392,0.281935960054398,"07-2018 to 10-2018"
40.5,-95.5,7.290114402771,0.0279342294670641,4.11510533094406,0.366842672228813,0.274995129555464,"07-2018 to 10-2018"
40.5,-94.5,7.21713280677795,0.0280262124724686,3.93701195716858,0.352743595838547,0.256592430174351,"07-2018 to 10-2018"
40.5,-93.5,7.29308617115021,0.0282277427613735,3.3186970949173,0.28737622871995,0.235624942928553,"07-2018 to 10-2018"
40.5,-92.5,7.64199566841125,0.0287818368524313,1.65969038009644,0.225323610007763,0.230402663350105,"07-2018 to 10-2018"
40.5,-91.5,7.97091448307037,0.0290314829908311,1.71894958615303,0.301514130085707,0.222169112414122,"07-2018 to 10-2018"
40.5,-90.5,7.88661646842957,0.0294165927916765,3.35557472705841,0.533120788633823,0.230890233069658,"07-2018 to 10-2018"
40.5,-89.5,7.65770876407623,0.0295370924286544,6.04310268163681,0.707264915108681,0.258911471813917,"07-2018 to 10-2018"
40.5,-88.5,7.86763477325439,0.0302919936366379,7.30479753017426,0.790729656815529,0.305175147950649,"07-2018 to 10-2018"
40.5,-87.5,8.00600492954254,0.0298039861954749,8.50253421068192,0.883403152227402,0.35007806494832,"07-2018 to 10-2018"
40.5,-86.5,9.12350785732269,0.0288068889640272,8.52039754390717,0.695402801036835,0.383503027260303,"07-2018 to 10-2018"
40.5,-85.5,8.13410222530365,0.0304640717804432,8.8509966135025,0.660073518753052,0.344143074005842,"07-2018 to 10-2018"
40.5,-84.5,8.19907009601593,0.0310035813599825,8.50884652137756,0.77421523630619,0.238532982766628,"07-2018 to 10-2018"
40.5,-83.5,8.54686856269836,0.031465595588088,7.47621214389801,0.672489106655121,0.221405413001776,"07-2018 to 10-2018"
40.5,-82.5,7.84048998355865,0.0316153266467154,6.58506399393082,0.602656334638596,0.236354228109121,"07-2018 to 10-2018"
40.5,-81.5,8.41856944561005,0.0321919838897884,6.10213053226471,0.591494292020798,0.260790776461363,"07-2018 to 10-2018"
40.5,-80.5,9.28215932846069,0.0314011899754405,5.93459689617157,0.828489527106285,0.24608176574111,"07-2018 to 10-2018"
40.5,-79.5,10.4740786552429,0.0295849619433284,5.27199327945709,1.54882556200027,0.323884312063456,"07-2018 to 10-2018"
40.5,-78.5,8.7706618309021,0.0284026889130473,4.81232249736786,1.26548233628273,0.243785347789526,"07-2018 to 10-2018"
40.5,-77.5,6.93347382545471,0.0312843243591487,5.24537372589111,0.553784996271133,0.200893525034189,"07-2018 to 10-2018"
40.5,-76.5,7.17054665088654,0.032477998174727,6.10478043556213,0.465017035603523,0.222556211054325,"07-2018 to 10-2018"
40.5,-75.5,7.04848265647888,0.0322095449082553,8.72422003746033,0.343904323875904,0.228282831609249,"07-2018 to 10-2018"
40.5,-74.5,7.65183234214783,0.0314086866565049,10.1429669857025,0.287871051579714,0.231236580759287,"07-2018 to 10-2018"
41.5,-123.5,5.9289243221283,0.0335608855821192,8.29630744457245,0.635329745709896,0.245786182582378,"07-2018 to 10-2018"
41.5,-122.5,5.63334441184998,0.0344427106902003,7.81077790260315,0.686681792140007,0.241334110498428,"07-2018 to 10-2018"
41.5,-121.5,5.46321737766266,0.0346141904592514,7.74922686815262,0.659308262169361,0.223508656024933,"07-2018 to 10-2018"
41.5,-120.5,5.22201311588287,0.0351012591272593,7.25216555595398,0.621323131024837,0.213726032525301,"07-2018 to 10-2018"
41.5,-119.5,5.20230555534363,0.0359397889114916,6.56191551685333,0.621930196881294,0.209026018157601,"07-2018 to 10-2018"
41.5,-118.5,5.2667623758316,0.036798853892833,6.50220632553101,0.623114034533501,0.206049477681518,"07-2018 to 10-2018"
41.5,-117.5,5.25815546512604,0.0383051703684032,7.94978129863739,0.609973609447479,0.0847873892635107,"07-2018 to 10-2018"
41.5,-116.5,5.53689444065094,0.0379665177315474,7.24891126155853,0.624683491885662,0.0849536703899503,"07-2018 to 10-2018"
41.5,-115.5,5.72252750396729,0.0378922983072698,7.39315581321716,0.620916612446308,0.0852355752140284,"07-2018 to 10-2018"
41.5,-114.5,5.71532022953033,0.0375158158130944,7.36277937889099,0.623936295509338,0.0857905149459839,"07-2018 to 10-2018"
41.5,-113.5,5.72064864635468,0.0374954505823553,7.29488396644592,0.625674992799759,0.0874374955892563,"07-2018 to 10-2018"
41.5,-112.5,5.90798091888428,0.0370564749464393,7.85418951511383,0.614575609564781,0.0944890372920781,"07-2018 to 10-2018"
41.5,-111.5,6.06795680522919,0.0366954668425024,8.37361800670624,0.613622710108757,0.0924542192369699,"07-2018 to 10-2018"
41.5,-110.5,5.69860124588013,0.0372745092026889,7.48591369390488,0.641754612326622,0.0855080080218613,"07-2018 to 10-2018"
41.5,-109.5,5.81866407394409,0.0371312024071813,6.55287092924118,0.685049332678318,0.0844238218851388,"07-2018 to 10-2018"
41.5,-108.5,5.86772739887238,0.0380479977466166,4.95002257823944,0.761475369334221,0.0786758838221431,"07-2018 to 10-2018"
41.5,-107.5,5.81391882896423,0.0386369191110134,5.35004216432571,0.798366822302341,0.175605220720172,"07-2018 to 10-2018"
41.5,-106.5,5.66920602321625,0.0401615481823683,8.78307199478149,0.825257614254951,0.16480331402272,"07-2018 to 10-2018"
41.5,-105.5,5.73445093631744,0.0395811833441257,8.81672096252441,0.818049751222134,0.150181931443512,"07-2018 to 10-2018"
41.5,-104.5,5.74952185153961,0.0389146180823445,9.09146726131439,0.779895961284637,0.148776420392096,"07-2018 to 10-2018"
41.5,-103.5,5.74507093429565,0.0380562371574342,8.83146452903748,0.734510317444801,0.181475561112165,"07-2018 to 10-2018"
41.5,-102.5,5.842613697052,0.0350951631553471,8.23200970888138,0.632810272276402,0.207522068172693,"07-2018 to 10-2018"
41.5,-101.5,5.9546811580658,0.0341658620163798,9.24959892034531,0.586573287844658,0.210901543498039,"07-2018 to 10-2018"
41.5,-100.5,6.28149461746216,0.0291382344439626,9.23200458288193,0.432438969612122,0.23352762684226,"07-2018 to 10-2018"
41.5,-99.5,6.37996518611908,0.0280802617780864,7.78437274694443,0.398449771106243,0.250944826751947,"07-2018 to 10-2018"
41.5,-98.5,6.32654249668121,0.0279717887751758,6.51924186944962,0.38041203469038,0.266836374998093,"07-2018 to 10-2018"
41.5,-97.5,6.74316310882568,0.0274766138754785,3.78419250249863,0.368061169981956,0.281031679362059,"07-2018 to 10-2018"
41.5,-96.5,7.06532061100006,0.0276639806106687,3.84229719638824,0.397546730935574,0.29554283618927,"07-2018 to 10-2018"
41.5,-95.5,7.34357345104218,0.0279145245440304,4.14864337444305,0.411709316074848,0.278994362801313,"07-2018 to 10-2018"
41.5,-94.5,7.20727407932281,0.0279839029535651,4.49315226078033,0.376325845718384,0.240346994251013,"07-2018 to 10-2018"
41.5,-93.5,7.1217223405838,0.027926245238632,4.69484400749207,0.340481743216515,0.208720214664936,"07-2018 to 10-2018"
41.5,-92.5,7.38518297672272,0.0271216235123575,3.21695989370346,0.354750141501427,0.21712801605463,"07-2018 to 10-2018"
41.5,-91.5,7.72988319396973,0.0273987767286599,2.82090055942535,0.512709252536297,0.193176347762346,"07-2018 to 10-2018"
41.5,-90.5,8.04058408737183,0.0296832388266921,5.41864895820618,0.518410839140415,0.186983190476894,"07-2018 to 10-2018"
41.5,-89.5,7.86614537239075,0.0284338355995715,8.11129927635193,0.730213925242424,0.226270616054535,"07-2018 to 10-2018"
41.5,-88.5,8.28605794906616,0.028510042000562,8.61300790309906,0.828426241874695,0.26260082796216,"07-2018 to 10-2018"
41.5,-87.5,8.53215348720551,0.0296787568368018,9.91455221176147,0.708175040781498,0.289740025997162,"07-2018 to 10-2018"
41.5,-86.5,7.58779585361481,0.028782004956156,7.66291451454163,0.90855798125267,0.28026482090354,"07-2018 to 10-2018"
41.5,-85.5,7.38450038433075,0.0293579730205238,7.85252285003662,0.804580844938755,0.295084740966558,"07-2018 to 10-2018"
41.5,-84.5,7.58814442157745,0.0308128772303462,7.22159337997437,0.687099292874336,0.236127302050591,"07-2018 to 10-2018"
41.5,-83.5,7.40930902957916,0.03105533355847,7.08701652288437,0.695298358798027,0.241153333336115,"07-2018 to 10-2018"
41.5,-82.5,7.35463058948517,0.0314229275099933,6.94304007291794,0.642164915800095,0.235909812152386,"07-2018 to 10-2018"
41.5,-81.5,7.87760055065155,0.0344920307397842,5.97149443626404,0.726995535194874,0.243288330733776,"07-2018 to 10-2018"
41.5,-80.5,8.07558071613312,0.0300463559105992,5.9631689786911,0.739399738609791,0.230130191892385,"07-2018 to 10-2018"
41.5,-79.5,8.48351907730103,0.0301028033718467,5.71661615371704,0.765261620283127,0.272862754762173,"07-2018 to 10-2018"
41.5,-78.5,8.25219857692719,0.0290360767394304,5.94893229007721,0.466394655406475,0.241926036775112,"07-2018 to 10-2018"
41.5,-77.5,6.43925189971924,0.0282727205194533,6.02399468421936,0.215190891176462,0.179106056690216,"07-2018 to 10-2018"
41.5,-76.5,6.28385579586029,0.0269209295511246,8.02230739593506,0.23252291418612,0.18193294480443,"07-2018 to 10-2018"
41.5,-75.5,7.37853336334229,0.0273179551586509,9.77288699150085,0.271728564053774,0.217224583029747,"07-2018 to 10-2018"
41.5,-74.5,7.32618582248688,0.0264325002208352,9.516517162323,0.231985196471214,0.227735910564661,"07-2018 to 10-2018"
41.5,-73.5,7.29552757740021,0.0265701832249761,8.5515034198761,0.149297092109919,0.236782517284155,"07-2018 to 10-2018"
41.5,-72.5,6.6899608373642,0.0317529626190662,5.48693585395813,0.258739616721869,0.246787555515766,"07-2018 to 10-2018"
41.5,-71.5,7.17411541938782,0.031399121042341,7.00670981407166,0.30402585491538,0.208783090114594,"07-2018 to 10-2018"
42.5,-123.5,5.51779997348785,0.0331903439946473,7.32077473402023,0.594798475503922,0.214122211560607,"07-2018 to 10-2018"
42.5,-122.5,5.46684265136719,0.0337679563090205,6.58954650163651,0.649434074759483,0.204421062022448,"07-2018 to 10-2018"
42.5,-121.5,5.17522776126862,0.033734411932528,6.53852593898773,0.624824658036232,0.209862761199474,"07-2018 to 10-2018"
42.5,-120.5,5.25497102737427,0.0340653881430626,6.53769195079803,0.625553846359253,0.208781132474542,"07-2018 to 10-2018"
42.5,-119.5,5.29161953926086,0.0356547865085304,6.52998316287994,0.619785562157631,0.202393479645252,"07-2018 to 10-2018"
42.5,-118.5,5.26804053783417,0.0359874293208122,6.70712828636169,0.581500947475433,0.15529490634799,"07-2018 to 10-2018"
42.5,-117.5,5.27095925807953,0.0366526292636991,7.38987243175507,0.618047699332237,0.0850393637083471,"07-2018 to 10-2018"
42.5,-116.5,5.6167014837265,0.0370827987790108,7.36677116155624,0.621624641120434,0.0852850386872888,"07-2018 to 10-2018"
42.5,-115.5,5.5609382390976,0.0373542876914144,7.32411229610443,0.617114074528217,0.0856730830855668,"07-2018 to 10-2018"
42.5,-114.5,5.48424339294434,0.0373441106639802,7.23578768968582,0.63832626491785,0.0863206135109067,"07-2018 to 10-2018"
42.5,-113.5,5.69593858718872,0.0367786660790443,7.5290744304657,0.645801402628422,0.0875274343416095,"07-2018 to 10-2018"
42.5,-112.5,5.92255330085754,0.0367908584885299,7.44686815142632,0.643639072775841,0.0888166874647141,"07-2018 to 10-2018"
42.5,-111.5,5.966872215271,0.0364663098007441,7.55908253788948,0.650605745613575,0.0975215937942266,"07-2018 to 10-2018"
42.5,-110.5,5.76752030849457,0.036551499273628,7.68375223875046,0.679969757795334,0.0981605481356382,"07-2018 to 10-2018"
42.5,-109.5,5.3776388168335,0.037035801447928,6.74819523096085,0.731448456645012,0.116742542013526,"07-2018 to 10-2018"
42.5,-108.5,5.67469787597656,0.037080726120621,6.31711262464523,0.820585004985332,0.117996303364635,"07-2018 to 10-2018"
42.5,-107.5,5.85717165470123,0.0374276568181813,6.22702175378799,0.926335379481316,0.158469296991825,"07-2018 to 10-2018"
42.5,-106.5,5.71501278877258,0.0385829196311533,9.03389233350754,1.0127015337348,0.170797470957041,"07-2018 to 10-2018"
42.5,-105.5,5.61792969703674,0.0378801180049777,10.0404957532883,1.0431350544095,0.16462292522192,"07-2018 to 10-2018"
42.5,-104.5,5.63886058330536,0.0377905783243477,9.26863971352577,0.942146681249142,0.170455360785127,"07-2018 to 10-2018"
42.5,-103.5,5.62562680244446,0.0349251576699317,9.24575784802437,0.83662872761488,0.200188174843788,"07-2018 to 10-2018"
42.5,-102.5,5.65104913711548,0.0342977088876069,8.60732394456863,0.765445783734322,0.212580230087042,"07-2018 to 10-2018"
42.5,-101.5,5.99835419654846,0.0342450798489153,7.84531959891319,0.629185758531094,0.207460626959801,"07-2018 to 10-2018"
42.5,-100.5,6.29716324806213,0.0282145137898624,7.79038619995117,0.495105043053627,0.233123604208231,"07-2018 to 10-2018"
42.5,-99.5,6.53381335735321,0.0283574261702597,4.21242481470108,0.369570471346378,0.244863823056221,"07-2018 to 10-2018"
42.5,-98.5,6.61915946006775,0.0286285392940044,3.41448676586151,0.395636089146137,0.258572213351727,"07-2018 to 10-2018"
42.5,-97.5,6.82473695278168,0.0286273276433349,3.47852605581284,0.382118239998817,0.269537843763828,"07-2018 to 10-2018"
42.5,-96.5,6.91706705093384,0.0278488206677139,3.62434422969818,0.391653761267662,0.273366093635559,"07-2018 to 10-2018"
42.5,-95.5,6.90021467208862,0.0276110046543181,4.10370314121246,0.386384636163712,0.263846281915903,"07-2018 to 10-2018"
42.5,-94.5,6.61548781394958,0.0277057285420597,4.27836787700653,0.406680181622505,0.239216975867748,"07-2018 to 10-2018"
42.5,-93.5,6.9869133234024,0.0273155211471021,4.33859246969223,0.454675622284412,0.21925737336278,"07-2018 to 10-2018"
42.5,-92.5,7.16003322601318,0.0266870735213161,4.4400914311409,0.431292198598385,0.209752410650253,"07-2018 to 10-2018"
42.5,-91.5,7.38502991199493,0.0261353137902915,4.70859521627426,0.431169144809246,0.193550083786249,"07-2018 to 10-2018"
42.5,-90.5,7.55889630317688,0.0276518375612795,6.08082383871078,0.666670009493828,0.2028818577528,"07-2018 to 10-2018"
42.5,-89.5,8.24096989631653,0.0274223196320236,7.39013135433197,0.693244360387325,0.214349552989006,"07-2018 to 10-2018"
42.5,-88.5,8.12296342849731,0.0288311699405313,7.88546258211136,0.776721239089966,0.237830556929111,"07-2018 to 10-2018"
42.5,-87.5,6.96098816394806,0.0297249411232769,8.40655553340912,0.737171858549118,0.24189780652523,"07-2018 to 10-2018"
42.5,-86.5,7.32599353790283,0.0295617836527526,8.14395147562027,0.869803547859192,0.258442781865597,"07-2018 to 10-2018"
42.5,-85.5,7.50861239433289,0.0291453138925135,8.30900329351425,0.835482463240623,0.269255913794041,"07-2018 to 10-2018"
42.5,-84.5,7.50773191452026,0.0297454642131925,8.2291207909584,0.655820041894913,0.26562986895442,"07-2018 to 10-2018"
42.5,-83.5,7.4175009727478,0.0305067012086511,6.95662224292755,0.739269956946373,0.240306984633207,"07-2018 to 10-2018"
42.5,-79.5,7.39180660247803,0.0321680405177176,6.1172411441803,0.22695442661643,0.20713572576642,"07-2018 to 10-2018"
42.5,-78.5,7.03757703304291,0.0304925269447267,6.22311174869537,0.305407017469406,0.208305589854717,"07-2018 to 10-2018"
42.5,-77.5,6.38119971752167,0.0286107696592808,5.94659769535065,0.247747080400586,0.188758835196495,"07-2018 to 10-2018"
42.5,-76.5,6.25089645385742,0.0287638674490154,6.56478548049927,0.292707376182079,0.186255414038897,"07-2018 to 10-2018"
42.5,-75.5,6.39236557483673,0.0265482314862311,8.97423601150513,0.23483444750309,0.193776663392782,"07-2018 to 10-2018"
42.5,-74.5,6.72074353694916,0.0269412519410253,7.17081379890442,0.176522249355912,0.209299899637699,"07-2018 to 10-2018"
42.5,-73.5,6.91322338581085,0.0273133460432291,5.84179013967514,0.16807072609663,0.198914114385843,"07-2018 to 10-2018"
42.5,-72.5,6.04847168922424,0.0273923627100885,5.03802496194839,0.219630757346749,0.233591392636299,"07-2018 to 10-2018"
42.5,-71.5,7.7815603017807,0.0262916865758598,7.12353670597076,0.365671277046204,0.192176636308432,"07-2018 to 10-2018"
43.5,-123.5,5.21628844738007,0.0301180477254093,8.10191440582275,0.866127856075764,0.206523081287742,"07-2018 to 10-2018"
43.5,-122.5,5.13060486316681,0.0306913466192782,8.10666126012802,0.647255845367908,0.205778002738953,"07-2018 to 10-2018"
43.5,-121.5,5.0259165763855,0.0309200710617006,8.05865806341171,0.625836588442326,0.20967030711472,"07-2018 to 10-2018"
43.5,-120.5,4.98182666301727,0.0325368014164269,8.0418261885643,0.587685480713844,0.208582835271955,"07-2018 to 10-2018"
43.5,-119.5,5.05148637294769,0.0332851223647594,7.85342103242874,0.585972800850868,0.211054522544146,"07-2018 to 10-2018"
43.5,-118.5,5.09851145744324,0.0353088676929474,7.97579896450043,0.631298162043095,0.141729459166527,"07-2018 to 10-2018"
43.5,-117.5,5.24024033546448,0.035168819129467,6.13056027889252,0.632555894553661,0.115994134917855,"07-2018 to 10-2018"
43.5,-116.5,5.31587707996368,0.0361724481917918,6.10291522741318,0.638022892177105,0.117388160899282,"07-2018 to 10-2018"
43.5,-115.5,5.38041698932648,0.0363371861167252,6.73080188035965,0.649819552898407,0.11971159093082,"07-2018 to 10-2018"
43.5,-114.5,5.35108768939972,0.0363812046125531,6.9032279253006,0.647356621921062,0.123636446893215,"07-2018 to 10-2018"
43.5,-113.5,5.26297068595886,0.0364060048013926,6.94575065374374,0.671659834682941,0.13079410046339,"07-2018 to 10-2018"
43.5,-112.5,4.98979198932648,0.0362601424567401,6.62855553627014,0.677191078662872,0.139705637469888,"07-2018 to 10-2018"
43.5,-111.5,4.74739807844162,0.0356730143539608,6.36926305294037,0.695402376353741,0.145318673923612,"07-2018 to 10-2018"
43.5,-110.5,4.63342523574829,0.0349393673241138,6.34806644916534,0.725437752902508,0.14386397972703,"07-2018 to 10-2018"
43.5,-109.5,4.66033697128296,0.0364409014582634,6.27285313606262,0.778142049908638,0.140329686924815,"07-2018 to 10-2018"
43.5,-108.5,4.74860858917236,0.0368098299950361,6.2146038711071,0.85665799677372,0.135405862703919,"07-2018 to 10-2018"
43.5,-107.5,4.94442546367645,0.0370072913356125,6.12259042263031,0.948451139032841,0.161635899916291,"07-2018 to 10-2018"
43.5,-106.5,5.1441056728363,0.0365942646749318,5.68434625864029,1.01101145148277,0.161998717114329,"07-2018 to 10-2018"
43.5,-105.5,5.51420605182648,0.0357173420488834,9.77421337366104,1.02276879549026,0.175247589126229,"07-2018 to 10-2018"
43.5,-104.5,5.35916900634766,0.0340575757436454,9.79528072476387,0.972137697041035,0.176856672391295,"07-2018 to 10-2018"
43.5,-103.5,5.27726531028748,0.0331972595304251,8.8954054415226,0.88641220331192,0.190414123237133,"07-2018 to 10-2018"
43.5,-102.5,5.06549680233002,0.0318034435622394,4.40698203444481,0.869112029671669,0.197437923401594,"07-2018 to 10-2018"
43.5,-101.5,5.06521117687225,0.028030026704073,3.45811143517494,0.846733622252941,0.197454258799553,"07-2018 to 10-2018"
43.5,-100.5,6.04680490493774,0.0274598114192486,3.30426743626595,0.809106089174747,0.226622212678194,"07-2018 to 10-2018"
43.5,-99.5,6.655348777771,0.0282605052925646,3.22328490018845,0.36559035629034,0.229016933590174,"07-2018 to 10-2018"
43.5,-98.5,6.59491813182831,0.0286521627567708,3.54898190498352,0.42263375222683,0.241390381008387,"07-2018 to 10-2018"
43.5,-97.5,6.90859663486481,0.0286986920982599,3.46096783876419,0.419864647090435,0.251163776963949,"07-2018 to 10-2018"
43.5,-96.5,6.84158229827881,0.0283241146244109,3.44315159320831,0.37702588737011,0.253742173314095,"07-2018 to 10-2018"
43.5,-95.5,6.55662500858307,0.0280144540593028,3.55704879760742,0.372408002614975,0.249717127531767,"07-2018 to 10-2018"
43.5,-94.5,6.30539834499359,0.0278602903708816,4.15667986869812,0.3509391695261,0.235405992716551,"07-2018 to 10-2018"
43.5,-93.5,6.72208309173584,0.0271997200325131,4.21115398406982,0.392106242477894,0.222014047205448,"07-2018 to 10-2018"
43.5,-92.5,7.08680629730225,0.0264397892169654,4.13447785377502,0.387428712099791,0.199018504470587,"07-2018 to 10-2018"
43.5,-91.5,7.12523543834686,0.026448983233422,4.51917326450348,0.499948471784592,0.192314829677343,"07-2018 to 10-2018"
43.5,-90.5,7.33485984802246,0.026732842437923,6.12618982791901,0.533032096922398,0.191785771399736,"07-2018 to 10-2018"
43.5,-89.5,7.57863366603851,0.0263970172964036,6.29723882675171,0.554904118180275,0.18055154569447,"07-2018 to 10-2018"
43.5,-88.5,7.59015882015228,0.0284797493368387,6.24206745624542,0.502674974501133,0.147666482254863,"07-2018 to 10-2018"
43.5,-87.5,6.79892015457153,0.0284829731099308,6.27817261219025,0.631797008216381,0.240914966911077,"07-2018 to 10-2018"
43.5,-86.5,6.91743969917297,0.0282139973714948,6.37707716226578,0.6582912504673,0.252210281789303,"07-2018 to 10-2018"
43.5,-85.5,6.90155136585236,0.0284606674686074,6.88226997852325,0.707091107964516,0.260179836302996,"07-2018 to 10-2018"
43.5,-84.5,7.40943253040314,0.0293862503021955,6.46281957626343,0.549963533878326,0.250495780259371,"07-2018 to 10-2018"
43.5,-83.5,7.33474683761597,0.0301206847652793,5.85168600082397,0.610812436789274,0.204858787357807,"07-2018 to 10-2018"
43.5,-82.5,7.36175036430359,0.0314901066012681,6.4003369808197,0.785086113959551,0.193035386502743,"07-2018 to 10-2018"
43.5,-78.5,6.73131227493286,0.0296921255066991,6.19156551361084,0.327429369091988,0.209187712520361,"07-2018 to 10-2018"
43.5,-77.5,6.36086773872375,0.0285367053002119,5.78638219833374,0.256757104769349,0.208118222653866,"07-2018 to 10-2018"
43.5,-76.5,6.30258369445801,0.0258504832163453,5.98306012153625,0.233031952753663,0.203678358346224,"07-2018 to 10-2018"
43.5,-75.5,6.34872567653656,0.0236195288598537,6.15186810493469,0.262122672051191,0.195971559733152,"07-2018 to 10-2018"
43.5,-74.5,6.61457800865173,0.0242481441237032,5.76650547981262,0.114058902021497,0.205260183662176,"07-2018 to 10-2018"
43.5,-73.5,6.59742975234985,0.0269315112382174,5.92583167552948,0.191602347418666,0.202520672231913,"07-2018 to 10-2018"
43.5,-72.5,6.57912170886993,0.0253659239970148,5.28901934623718,0.273209530860186,0.204869423061609,"07-2018 to 10-2018"
43.5,-71.5,7.75459134578705,0.0240857587195933,6.02322292327881,0.339246436953545,0.188717219978571,"07-2018 to 10-2018"
43.5,-70.5,8.72500276565552,0.0261011887341738,5.36117672920227,0.322862006723881,0.180958941578865,"07-2018 to 10-2018"
44.5,-123.5,5.10302257537842,0.0293219015002251,8.44124579429626,0.863724105060101,0.209495877847075,"07-2018 to 10-2018"
44.5,-122.5,5.00533646345139,0.0297018527053297,8.44804096221924,0.8839972615242,0.208996815606952,"07-2018 to 10-2018"
44.5,-121.5,4.81843650341034,0.031081160530448,8.26483356952667,0.847518734633923,0.208159254863858,"07-2018 to 10-2018"
44.5,-120.5,4.85041451454163,0.031619933899492,8.19200098514557,0.83191043138504,0.20725422911346,"07-2018 to 10-2018"
44.5,-119.5,4.86645495891571,0.0332608292810619,7.93541395664215,0.834326155483723,0.187550948932767,"07-2018 to 10-2018"
44.5,-118.5,4.88563752174377,0.0338502922095358,7.69399917125702,0.836401775479317,0.148352330550551,"07-2018 to 10-2018"
44.5,-117.5,4.93176341056824,0.0346132633276284,7.44967538118362,0.629790455102921,0.146194508299232,"07-2018 to 10-2018"
44.5,-116.5,5.06457281112671,0.0351881366223097,6.67774575948715,0.638060003519058,0.130651995539665,"07-2018 to 10-2018"
44.5,-115.5,4.92884075641632,0.0354835279285908,6.59715795516968,0.653079099953175,0.129967855289578,"07-2018 to 10-2018"
44.5,-114.5,4.88306820392609,0.0360747221857309,6.90873485803604,0.67439204454422,0.136926909908652,"07-2018 to 10-2018"
44.5,-113.5,4.73438811302185,0.0361666698008776,6.59726721048355,0.693988941609859,0.148015379905701,"07-2018 to 10-2018"
44.5,-112.5,4.43892419338226,0.0362418578006327,6.2657470703125,0.73718935996294,0.161038191989064,"07-2018 to 10-2018"
44.5,-111.5,4.09536838531494,0.0362874646671116,6.04101353883743,0.758010543882847,0.175143705680966,"07-2018 to 10-2018"
44.5,-110.5,4.0358619093895,0.037010467145592,5.95330375432968,0.79174867272377,0.147070806473494,"07-2018 to 10-2018"
44.5,-109.5,4.22294896841049,0.0367661905474961,6.10084673762321,0.839615233242512,0.152083216235042,"07-2018 to 10-2018"
44.5,-108.5,4.37343972921371,0.0367880859412253,5.98531034588814,0.906925871968269,0.146207353100181,"07-2018 to 10-2018"
44.5,-107.5,4.2413267493248,0.0347269433550537,5.60197141766548,0.917513534426689,0.154215224087238,"07-2018 to 10-2018"
44.5,-106.5,4.26679390668869,0.0309943603351712,5.59655985236168,0.928411856293678,0.162980115041137,"07-2018 to 10-2018"
44.5,-105.5,4.42105633020401,0.0301894801668823,5.64804840087891,0.92088370770216,0.163334449753165,"07-2018 to 10-2018"
44.5,-104.5,4.53298932313919,0.0280328411608934,5.69747823476791,0.914473474025726,0.159163923934102,"07-2018 to 10-2018"
44.5,-103.5,4.39962136745453,0.0275295106694102,5.19414645433426,0.824219793081284,0.183053959161043,"07-2018 to 10-2018"
44.5,-102.5,4.55276417732239,0.0278487354516983,4.42825099825859,0.713221214711666,0.18630525842309,"07-2018 to 10-2018"
44.5,-101.5,4.44219881296158,0.0271433773450553,3.49271801114082,0.938985720276833,0.200230699032545,"07-2018 to 10-2018"
44.5,-100.5,4.50753670930862,0.027484159450978,3.36082330346107,0.796085588634014,0.204484142363071,"07-2018 to 10-2018"
44.5,-99.5,5.64820730686188,0.0267387246713042,3.28785282373428,0.79246935993433,0.213082872331142,"07-2018 to 10-2018"
44.5,-98.5,6.39715945720673,0.026958592236042,3.18404060602188,0.557918518781662,0.224164724349976,"07-2018 to 10-2018"
44.5,-97.5,6.52824425697327,0.0270207631401718,3.43175059556961,0.476088739931583,0.234763190150261,"07-2018 to 10-2018"
44.5,-96.5,6.82055306434631,0.0273965820670128,3.43673169612885,0.449483156204224,0.23953553289175,"07-2018 to 10-2018"
44.5,-95.5,6.64684700965881,0.0271942694671452,3.37981247901917,0.433559559285641,0.239667657762766,"07-2018 to 10-2018"
44.5,-94.5,6.65082168579102,0.0270192865282297,3.35496556758881,0.37127061188221,0.229190178215504,"07-2018 to 10-2018"
44.5,-93.5,6.81072294712067,0.0262806280516088,3.53027665615082,0.323755789548159,0.219654392451048,"07-2018 to 10-2018"
44.5,-92.5,6.95534861087799,0.0255222944542766,4.2486280798912,0.349120795726776,0.198028963059187,"07-2018 to 10-2018"
44.5,-91.5,7.17145299911499,0.0244371057488024,5.39602106809616,0.406468965113163,0.19224314019084,"07-2018 to 10-2018"
44.5,-90.5,7.24416851997375,0.0251705534756184,5.97354108095169,0.551347650587559,0.193722821772099,"07-2018 to 10-2018"
44.5,-89.5,7.47683167457581,0.0261193737387657,5.60586559772491,0.627250075340271,0.192391529679298,"07-2018 to 10-2018"
44.5,-88.5,7.70100116729736,0.026697461027652,4.67905068397522,0.788402214646339,0.202250842005014,"07-2018 to 10-2018"
44.5,-87.5,7.32207942008972,0.027671268209815,3.9858033657074,0.643678352236748,0.221563637256622,"07-2018 to 10-2018"
44.5,-86.5,7.14157605171204,0.0271538803353906,5.45740103721619,0.639628738164902,0.243131563067436,"07-2018 to 10-2018"
44.5,-85.5,7.10626780986786,0.0273800347931683,6.22052311897278,0.59549418091774,0.246699020266533,"07-2018 to 10-2018"
44.5,-84.5,7.07408630847931,0.0283474852330983,6.0502907037735,0.491867028176785,0.226581417024136,"07-2018 to 10-2018"
44.5,-83.5,7.28444290161133,0.0293606873601675,5.58526313304901,0.622014749795198,0.202064946293831,"07-2018 to 10-2018"
44.5,-82.5,7.25206673145294,0.0306294839829206,5.94774603843689,0.76483378559351,0.191434606909752,"07-2018 to 10-2018"
44.5,-75.5,6.29767918586731,0.0251964493654668,5.75197505950928,0.750896275043488,0.197494350373745,"07-2018 to 10-2018"
44.5,-74.5,6.4751261472702,0.0284906141459942,4.90642607212067,0.427474848926067,0.208190176635981,"07-2018 to 10-2018"
44.5,-73.5,6.47146594524384,0.0306422249414027,5.09630215167999,0.247146621346474,0.204875137656927,"07-2018 to 10-2018"
44.5,-72.5,6.4778573513031,0.0265016667544842,4.89325439929962,0.283204957842827,0.200549948960543,"07-2018 to 10-2018"
44.5,-71.5,6.41888546943665,0.0218079620972276,4.84246361255646,0.30475790053606,0.176426593214273,"07-2018 to 10-2018"
44.5,-70.5,5.6953113079071,0.0221964432857931,3.77256572246552,0.343745559453964,0.173806846141815,"07-2018 to 10-2018"
44.5,-69.5,5.62522399425507,0.025736469309777,2.96658772230148,0.325122527778149,0.159104019403458,"07-2018 to 10-2018"
44.5,-68.5,4.81821012496948,0.0291850990615785,3.99235671758652,0.0845685452222824,0.1366395521909,"07-2018 to 10-2018"
45.5,-123.5,4.87164348363876,0.0289712813682854,8.63303774595261,0.905534982681274,0.211868893355131,"07-2018 to 10-2018"
45.5,-122.5,4.75087255239487,0.0302293584682047,8.46651273965836,0.877711303532124,0.21150497533381,"07-2018 to 10-2018"
45.5,-121.5,4.75837773084641,0.030971079133451,8.30844151973724,0.82811214774847,0.19931410998106,"07-2018 to 10-2018"
45.5,-120.5,4.908607006073,0.0315370513126254,8.17062908411026,0.798057965934277,0.191880036145449,"07-2018 to 10-2018"
45.5,-119.5,4.92305940389633,0.0331367691978812,8.08703851699829,0.802327610552311,0.156112726777792,"07-2018 to 10-2018"
45.5,-118.5,4.89710235595703,0.0333398608490825,8.45651912689209,0.805137038230896,0.15416106954217,"07-2018 to 10-2018"
45.5,-117.5,4.89401108026505,0.0334091996774077,8.15505415201187,0.81928501278162,0.152175012975931,"07-2018 to 10-2018"
45.5,-116.5,4.98665231466293,0.0339938364923,7.76819550991058,0.848078519105911,0.150948656722903,"07-2018 to 10-2018"
45.5,-115.5,5.0831071138382,0.034033187199384,7.1161260008812,0.687009327113628,0.151315769180655,"07-2018 to 10-2018"
45.5,-114.5,5.03360742330551,0.034497607499361,6.78743678331375,0.695046558976173,0.142598146572709,"07-2018 to 10-2018"
45.5,-113.5,4.98714375495911,0.0347917065955698,6.54629552364349,0.712552390992641,0.152140706777573,"07-2018 to 10-2018"
45.5,-112.5,5.03593289852142,0.0356930736452341,6.33057254552841,0.776476435363293,0.16210980899632,"07-2018 to 10-2018"
45.5,-111.5,4.61624908447266,0.0360908322036266,6.19596937298775,0.798879116773605,0.170070635154843,"07-2018 to 10-2018"
45.5,-110.5,4.38401132822037,0.0365861020982265,6.18863385915756,0.829906210303307,0.166240636259317,"07-2018 to 10-2018"
45.5,-109.5,4.36829614639282,0.0354069462046027,5.90643787384033,0.831460319459438,0.157157901674509,"07-2018 to 10-2018"
45.5,-108.5,4.34295576810837,0.033452081028372,5.61146727204323,1.00537353754044,0.149877427145839,"07-2018 to 10-2018"
45.5,-107.5,4.12716007232666,0.0305524072609842,5.59674176573753,1.00137683749199,0.164793416857719,"07-2018 to 10-2018"
45.5,-106.5,3.93114042282104,0.0284053450450301,5.60098403692245,0.85261631757021,0.16443083807826,"07-2018 to 10-2018"
45.5,-105.5,4.04550492763519,0.0270462012849748,5.69069424271584,0.854129642248154,0.164151573553681,"07-2018 to 10-2018"
45.5,-104.5,4.13652694225311,0.0275097154080868,5.6956772506237,0.823874697089195,0.163705915212631,"07-2018 to 10-2018"
45.5,-103.5,4.13275998830795,0.0278139179572463,5.70407801866531,0.822693429887295,0.173163458704948,"07-2018 to 10-2018"
45.5,-102.5,4.17498433589935,0.0274316412396729,5.25394552946091,0.733772233128548,0.173677325248718,"07-2018 to 10-2018"
45.5,-101.5,4.48708403110504,0.0271819392219186,4.30911129713058,0.89664900302887,0.177838269621134,"07-2018 to 10-2018"
45.5,-100.5,4.57722967863083,0.0270822369493544,3.45769345760345,0.745368957519531,0.177602924406528,"07-2018 to 10-2018"
45.5,-99.5,5.24866944551468,0.0262496778741479,3.37862008810043,0.750139571726322,0.184718579053879,"07-2018 to 10-2018"
45.5,-98.5,5.64487648010254,0.0259436694905162,3.27988612651825,0.75192704051733,0.197689332067966,"07-2018 to 10-2018"
45.5,-97.5,6.39022076129913,0.0255803489126265,3.21461629867554,0.606193535029888,0.212427962571383,"07-2018 to 10-2018"
45.5,-96.5,6.56623041629791,0.0254748300649226,3.15399712324142,0.593704417347908,0.222321480512619,"07-2018 to 10-2018"
45.5,-95.5,6.81809914112091,0.0252881105989218,3.32099843025208,0.499845691025257,0.227469269186258,"07-2018 to 10-2018"
45.5,-94.5,6.81706869602203,0.0252529317513108,3.27819329500198,0.39726398140192,0.21649069711566,"07-2018 to 10-2018"
45.5,-93.5,6.74758720397949,0.02504404168576,4.06314116716385,0.366610616445541,0.212951604276896,"07-2018 to 10-2018"
45.5,-92.5,6.88144826889038,0.0244488678872585,4.21967446804047,0.372513525187969,0.200446702539921,"07-2018 to 10-2018"
45.5,-91.5,7.03795838356018,0.0244535249657929,4.20072984695435,0.437386155128479,0.194499619305134,"07-2018 to 10-2018"
45.5,-90.5,6.98368382453918,0.024919621180743,5.73523163795471,0.469608649611473,0.191830921918154,"07-2018 to 10-2018"
45.5,-89.5,7.30006802082062,0.0251302216202021,5.6320629119873,0.44093132764101,0.206508226692677,"07-2018 to 10-2018"
45.5,-88.5,7.57329022884369,0.0259713265113533,5.35291969776154,0.559638857841492,0.221724819391966,"07-2018 to 10-2018"
45.5,-87.5,7.36077904701233,0.0269307596608996,5.30164229869843,0.595863118767738,0.228980641812086,"07-2018 to 10-2018"
45.5,-86.5,7.24575233459473,0.0271206698380411,5.76458883285522,0.610989958047867,0.237314604222775,"07-2018 to 10-2018"
45.5,-85.5,7.20123028755188,0.0275583993643522,6.23205828666687,0.567598298192024,0.222514983266592,"07-2018 to 10-2018"
45.5,-84.5,7.21921062469482,0.0281070689670742,5.9637485742569,0.45670322701335,0.1916269287467,"07-2018 to 10-2018"
45.5,-83.5,7.28255999088287,0.028046531137079,5.86267518997192,0.507556892931461,0.185138527303934,"07-2018 to 10-2018"
45.5,-70.5,5.76978647708893,0.0240316297858953,4.29392492771149,0.269802883267403,0.166008170694113,"07-2018 to 10-2018"
45.5,-69.5,5.08469712734222,0.026833894662559,4.08922356367111,0.240423507988453,0.157110568135977,"07-2018 to 10-2018"
45.5,-68.5,4.86558961868286,0.0275627980008721,4.24499154090881,0.1876515224576,0.149069763720036,"07-2018 to 10-2018"
46.5,-123.5,4.86896973848343,0.030297027900815,8.53557389974594,0.865586124360561,0.213106255978346,"07-2018 to 10-2018"
46.5,-122.5,4.72435885667801,0.0303875710815191,8.22273635864258,0.869659088551998,0.193930137902498,"07-2018 to 10-2018"
46.5,-121.5,4.94099640846252,0.0308387107215822,8.22838485240936,0.798757746815681,0.193108858540654,"07-2018 to 10-2018"
46.5,-120.5,4.84378498792648,0.0311151407659054,8.84485566616058,0.723679333925247,0.181585114449263,"07-2018 to 10-2018"
46.5,-119.5,4.86952441930771,0.0323992404155433,8.76906961202621,0.702950529754162,0.160439928993583,"07-2018 to 10-2018"
46.5,-118.5,4.86929035186768,0.0323223499581218,8.58427608013153,0.766421437263489,0.158794581890106,"07-2018 to 10-2018"
46.5,-117.5,4.89355528354645,0.0324422135017812,8.31217902898788,0.811083436012268,0.156852008774877,"07-2018 to 10-2018"
46.5,-116.5,4.89546912908554,0.0328714088536799,8.08608704805374,0.869149558246136,0.155276067554951,"07-2018 to 10-2018"
46.5,-115.5,4.9111562371254,0.0327600608579814,7.78255844116211,0.899358801543713,0.154726644977927,"07-2018 to 10-2018"
46.5,-114.5,4.97276592254639,0.0322901154868305,7.10171157121658,0.924526527523994,0.155555197969079,"07-2018 to 10-2018"
46.5,-113.5,5.02326565980911,0.0322625148110092,6.64461767673492,0.726672887802124,0.148442521691322,"07-2018 to 10-2018"
46.5,-112.5,5.02723675966263,0.0332687417976558,6.42544287443161,0.748335368931293,0.153258845210075,"07-2018 to 10-2018"
46.5,-111.5,4.95651268959045,0.0329120089299977,5.99251797795296,0.808419056236744,0.155943023040891,"07-2018 to 10-2018"
46.5,-110.5,4.81081503629684,0.0326973195187747,5.86606612801552,1.00757101923227,0.155345626175404,"07-2018 to 10-2018"
46.5,-109.5,4.64122653007507,0.0316178216598928,5.54280227422714,1.00431030243635,0.158737314864993,"07-2018 to 10-2018"
46.5,-108.5,4.52741265296936,0.0299606285989285,5.59022861719131,0.999506697058678,0.155946750193834,"07-2018 to 10-2018"
46.5,-107.5,4.34877288341522,0.0283765522763133,5.59178271889687,0.883593939244747,0.165977401658893,"07-2018 to 10-2018"
46.5,-106.5,4.05345773696899,0.0269094319082797,5.63027989864349,0.888648308813572,0.165231794118881,"07-2018 to 10-2018"
46.5,-105.5,4.03200030326843,0.0270571908913553,5.67904180288315,0.929809600114822,0.164401071146131,"07-2018 to 10-2018"
46.5,-104.5,3.95710325241089,0.0274658254347742,5.68132388591766,0.895343691110611,0.163219889625907,"07-2018 to 10-2018"
46.5,-103.5,3.77120071649551,0.028328777756542,5.70604223012924,1.07514271140099,0.167552579194307,"07-2018 to 10-2018"
46.5,-102.5,4.18159174919128,0.0275262063369155,5.05982729792595,0.981547079980373,0.165381707251072,"07-2018 to 10-2018"
46.5,-101.5,4.6252304315567,0.0270890220999718,4.37466025352478,0.750326544046402,0.163617219775915,"07-2018 to 10-2018"
46.5,-100.5,4.79479140043259,0.0266226516105235,4.47310638427734,0.487871557474136,0.161232316866517,"07-2018 to 10-2018"
46.5,-99.5,5.11161702871323,0.0263904151506722,4.10157042741776,0.697212062776089,0.167043220251799,"07-2018 to 10-2018"
46.5,-98.5,5.85124361515045,0.0254135220311582,3.89579170942307,0.746807381510735,0.179575636982918,"07-2018 to 10-2018"
46.5,-97.5,6.84882378578186,0.0240302011370659,3.37975937128067,0.709909312427044,0.190012685954571,"07-2018 to 10-2018"
46.5,-96.5,7.09683179855347,0.0237103397957981,3.32323199510574,0.673287257552147,0.200109388679266,"07-2018 to 10-2018"
46.5,-95.5,6.96233832836151,0.0235635889694095,3.21988356113434,0.630012921988964,0.205707002431154,"07-2018 to 10-2018"
46.5,-94.5,6.90993630886078,0.0236715613864362,3.24865156412125,0.526843219995499,0.206890664994717,"07-2018 to 10-2018"
46.5,-93.5,6.87647116184235,0.0238744658418,3.45151495933533,0.479704558849335,0.193464316427708,"07-2018 to 10-2018"
46.5,-92.5,6.82629287242889,0.0237252889201045,4.08062571287155,0.478524670004845,0.197449281811714,"07-2018 to 10-2018"
46.5,-91.5,6.89796876907349,0.0233825617469847,4.06317365169525,0.474108293652534,0.197158887982368,"07-2018 to 10-2018"
46.5,-90.5,6.92380678653717,0.0230651791207492,4.67647057771683,0.487618632614613,0.196385253220797,"07-2018 to 10-2018"
46.5,-89.5,7.04037415981293,0.0241988552734256,5.24574035406113,0.491397529840469,0.195660773664713,"07-2018 to 10-2018"
46.5,-88.5,7.22504794597626,0.0252632475458086,5.41881221532822,0.526774331927299,0.230740021914244,"07-2018 to 10-2018"
46.5,-87.5,7.27600574493408,0.0262478841468692,5.43480753898621,0.557558044791222,0.234559681266546,"07-2018 to 10-2018"
46.5,-86.5,7.28544819355011,0.0265468484722078,5.58032834529877,0.577902399003506,0.219250921159983,"07-2018 to 10-2018"
46.5,-85.5,7.2043536901474,0.0272732474841177,5.89737045764923,0.52951741963625,0.213014718145132,"07-2018 to 10-2018"
46.5,-69.5,4.62284255027771,0.02568483306095,4.64665412902832,0.230878207832575,0.16145521774888,"07-2018 to 10-2018"
46.5,-68.5,4.15763890743256,0.0259051970206201,4.65825259685516,0.21490116044879,0.158095985651016,"07-2018 to 10-2018"
47.5,-123.5,4.91547346115112,0.0294231683947146,8.36233723163605,0.886032663285732,0.19514205865562,"07-2018 to 10-2018"
47.5,-121.5,4.99828708171844,0.028971232008189,8.96613639593124,0.875109992921352,0.193012028932571,"07-2018 to 10-2018"
47.5,-120.5,4.90569496154785,0.0292346109636128,8.92239999771118,0.658878810703754,0.163256429135799,"07-2018 to 10-2018"
47.5,-119.5,4.75707256793976,0.0314648961648345,8.81605595350266,0.658393912017345,0.162509702146053,"07-2018 to 10-2018"
47.5,-118.5,4.82980185747147,0.0315582742914557,8.79640543460846,0.763510555028915,0.161081280559301,"07-2018 to 10-2018"
47.5,-117.5,4.99516195058823,0.0308667747303843,8.55355674028397,0.81509992480278,0.159264996647835,"07-2018 to 10-2018"
47.5,-116.5,4.85893166065216,0.0311170741915703,8.37258177995682,0.857870750129223,0.157525338232517,"07-2018 to 10-2018"
47.5,-115.5,4.87607443332672,0.030408741440624,8.00955545902252,0.897567428648472,0.156331045553088,"07-2018 to 10-2018"
47.5,-114.5,4.9136306643486,0.0293787992559373,7.54192537069321,0.921207442879677,0.155930619686842,"07-2018 to 10-2018"
47.5,-113.5,4.93116629123688,0.0286425864323974,6.82926440238953,0.972603015601635,0.156267691403627,"07-2018 to 10-2018"
47.5,-112.5,4.8944885134697,0.0281239002943039,6.10566395521164,0.844246372580528,0.156810289248824,"07-2018 to 10-2018"
47.5,-111.5,4.85796999931335,0.0290654455311596,5.53757467865944,0.863185584545135,0.147975649684668,"07-2018 to 10-2018"
47.5,-110.5,4.81279027462006,0.0284866825677454,5.53501278162003,0.87915712594986,0.155610375106335,"07-2018 to 10-2018"
47.5,-109.5,4.7207310795784,0.028276867698878,5.60475736856461,0.879513181746006,0.154968677088618,"07-2018 to 10-2018"
47.5,-108.5,4.60841774940491,0.0277685737237334,5.60774976015091,0.8797477632761,0.15385970659554,"07-2018 to 10-2018"
47.5,-107.5,4.31208789348602,0.0277769318781793,5.57857796549797,0.879593193531036,0.165890697389841,"07-2018 to 10-2018"
47.5,-106.5,3.89944583177567,0.0268399217166007,5.61567431688309,0.878171101212502,0.165128011256456,"07-2018 to 10-2018"
47.5,-105.5,3.92329847812653,0.0268206913024187,5.61336961388588,0.871894508600235,0.164163077250123,"07-2018 to 10-2018"
47.5,-104.5,4.00695312023163,0.0269073043018579,5.60396552085876,0.839425303041935,0.16287305764854,"07-2018 to 10-2018"
47.5,-103.5,4.85325664281845,0.02758743846789,4.97031715512276,0.579458467662334,0.169153418391943,"07-2018 to 10-2018"
47.5,-102.5,4.215929210186,0.0268905661068857,5.08905857801437,0.664060942828655,0.165693573653698,"07-2018 to 10-2018"
47.5,-101.5,4.79035049676895,0.0268344734795392,4.03127032518387,1.05617837607861,0.165669590234756,"07-2018 to 10-2018"
47.5,-100.5,4.77513438463211,0.0269171381369233,4.05315783619881,0.810043379664421,0.164109263569117,"07-2018 to 10-2018"
47.5,-99.5,5.1125493645668,0.0264442772604525,3.92741909623146,0.776761263608932,0.16827168315649,"07-2018 to 10-2018"
47.5,-98.5,5.75202310085297,0.0255497074685991,3.95698446035385,0.624618828296661,0.174949940294027,"07-2018 to 10-2018"
47.5,-97.5,6.65260517597198,0.0242886655032635,3.91119730472565,0.663879603147507,0.184618186205626,"07-2018 to 10-2018"
47.5,-96.5,6.92465364933014,0.0236701481044292,3.81287461519241,0.674738012254238,0.193091381341219,"07-2018 to 10-2018"
47.5,-95.5,6.75635576248169,0.0237454255111516,3.67103588581085,0.64552541077137,0.198715846985579,"07-2018 to 10-2018"
47.5,-94.5,6.78191387653351,0.0236221537925303,3.18711239099503,0.564359322190285,0.201146833598614,"07-2018 to 10-2018"
47.5,-93.5,6.67837822437286,0.0239149406552315,3.05076861381531,0.497289955615997,0.191650867462158,"07-2018 to 10-2018"
47.5,-92.5,6.73058342933655,0.0238766665570438,3.92997872829437,0.455354869365692,0.192529693245888,"07-2018 to 10-2018"
47.5,-91.5,6.86307525634766,0.0237345299683511,4.52281391620636,0.479887597262859,0.18564036861062,"07-2018 to 10-2018"
47.5,-90.5,6.88645398616791,0.0236257538199425,4.64018225669861,0.514141336083412,0.186557799577713,"07-2018 to 10-2018"
47.5,-89.5,6.96879506111145,0.0239863116294146,4.69200187921524,0.52833866328001,0.18707650154829,"07-2018 to 10-2018"
47.5,-88.5,7.06819665431976,0.0246041296049953,5.72458428144455,0.547721013426781,0.235231813043356,"07-2018 to 10-2018"
47.5,-87.5,7.13697063922882,0.0254371175542474,5.76657021045685,0.565181717276573,0.20923026278615,"07-2018 to 10-2018"
47.5,-86.5,7.24314737319946,0.0256872712634504,6.07864725589752,0.565504558384418,0.211939301341772,"07-2018 to 10-2018"
48.5,-122.5,4.9056875705719,0.0283396923914552,8.99949842691422,0.768330290913582,0.194332035258412,"07-2018 to 10-2018"
48.5,-121.5,4.66489952802658,0.0285469102673233,8.97001832723618,1.08138243108988,0.183081107214093,"07-2018 to 10-2018"
48.5,-120.5,4.45462769269943,0.0288576846942306,8.91043227910995,0.988873794674873,0.163688348606229,"07-2018 to 10-2018"
48.5,-119.5,4.42492425441742,0.0302143353037536,8.95641142129898,0.916988141834736,0.162892123684287,"07-2018 to 10-2018"
48.5,-118.5,4.58050262928009,0.0310108656994998,8.82711911201477,0.905294619500637,0.161642203107476,"07-2018 to 10-2018"
48.5,-117.5,4.69549095630646,0.031154862139374,8.75835174322128,0.924855642020702,0.160058045759797,"07-2018 to 10-2018"
48.5,-116.5,4.77031880617142,0.0304618030786514,8.39982563257217,0.946142390370369,0.15841107442975,"07-2018 to 10-2018"
48.5,-115.5,4.82667368650436,0.0284654521383345,7.95247483253479,0.965749122202396,0.156996347010136,"07-2018 to 10-2018"
48.5,-114.5,4.82978767156601,0.0261306115426123,7.40612548589706,1.00736351311207,0.15599519200623,"07-2018 to 10-2018"
48.5,-113.5,4.86265087127686,0.0252614980563521,6.6613883972168,1.0446156039834,0.155358931049705,"07-2018 to 10-2018"
48.5,-112.5,4.85473996400833,0.025533995591104,6.12733954191208,0.865770362317562,0.154994955286384,"07-2018 to 10-2018"
48.5,-111.5,4.83832859992981,0.0259713558480144,5.53662246465683,0.883491203188896,0.163503693416715,"07-2018 to 10-2018"
48.5,-110.5,4.76798671483994,0.0267299306578934,5.58276677131653,0.91092474013567,0.151854692026973,"07-2018 to 10-2018"
48.5,-109.5,4.69428735971451,0.0268759033642709,5.58377382159233,0.91040126979351,0.151898268610239,"07-2018 to 10-2018"
48.5,-108.5,4.71830469369888,0.0260946354828775,5.58487585186958,0.909385360777378,0.151678891852498,"07-2018 to 10-2018"
48.5,-107.5,4.0114478468895,0.0267406087368727,5.51086455583572,0.907497189939022,0.159224318340421,"07-2018 to 10-2018"
48.5,-106.5,3.86815494298935,0.0266574341803789,5.51135057210922,0.904156364500523,0.164666827768087,"07-2018 to 10-2018"
48.5,-105.5,3.85350948572159,0.0264859292656183,5.51024514436722,0.899387009441853,0.163848089054227,"07-2018 to 10-2018"
48.5,-104.5,3.78457176685333,0.0261757397092879,5.50351458787918,0.814065009355545,0.170332066714764,"07-2018 to 10-2018"
48.5,-103.5,3.73769849538803,0.0258887778036296,4.90584710240364,0.934583641588688,0.173579405993223,"07-2018 to 10-2018"
48.5,-102.5,3.5108790397644,0.0268380413763225,4.71399292349815,0.705233514308929,0.169841002672911,"07-2018 to 10-2018"
48.5,-101.5,4.3979332447052,0.026704341173172,3.8530245423317,0.740230798721313,0.174743767827749,"07-2018 to 10-2018"
48.5,-100.5,4.63874405622482,0.0267221736721694,3.75534984469414,0.819950863718987,0.174128007143736,"07-2018 to 10-2018"
48.5,-99.5,4.66191512346268,0.0267758443951607,3.86220434308052,0.80203877389431,0.175987981259823,"07-2018 to 10-2018"
48.5,-98.5,5.49043118953705,0.0259085269644856,3.953533411026,0.792143791913986,0.179635100066662,"07-2018 to 10-2018"
48.5,-97.5,5.8972977399826,0.0251356926746666,3.89811426401138,0.78366918861866,0.185730561614037,"07-2018 to 10-2018"
48.5,-96.5,6.15790867805481,0.0245245625264943,3.82270485162735,0.769532188773155,0.191486541181803,"07-2018 to 10-2018"
48.5,-95.5,6.32460010051727,0.0239595994353294,3.72852206230164,0.614723831415176,0.195792850106955,"07-2018 to 10-2018"
48.5,-94.5,6.62229096889496,0.0237131025642157,3.63333851099014,0.555539600551128,0.208496052771807,"07-2018 to 10-2018"
48.5,-93.5,6.56315946578979,0.0240478753112257,3.5422939658165,0.506518691778183,0.190639562904835,"07-2018 to 10-2018"
