"","Super.region","Regions","location","Area","Longitude","Latitude","NO2_Concentration","iso.code","continent","date","totcases","newcases","totdeaths","newdeaths","totcases.mil","totdeaths.mil","population","pop.density","med.age","older70","gdp.cap","card.death","diab.prev","fem.smokers","male.smokers","case.fatality.rate","tottests.thousand","pop.weighted.NO2"
"1","High-income","High-income Asia Pacific","Brunei",527,114.591,4.468,6.92360156093604e-06,"BRN","Asia",2021-07-16,282,0,3,0,644.596,6.857,437483,81.347,32.4,2.382,71809.251,201.285,12.79,2,30.9,0.0106382978723404,NA,1.24570724253298e-09
"2","High-income","High-income Asia Pacific","Japan",36450,139.068,36.491,3.53552476760722e-05,"JPN","Asia",2021-07-16,835029,3408,14976,11,6602.248,118.409,126476458,347.778,48.2,18.493,39002.223,79.37,5.72,11.2,33.7,0.0179347064592966,132.389,4.97580472740891e-09
"3","High-income","High-income Asia Pacific","Singapore",67,103.808,1.351,2.19577210440327e-05,"SGP","Asia",2021-07-16,62913,61,36,0,10753.728,6.153,5850343,7915.731,42.4,7.049,85535.383,92.243,10.99,5.2,28.3,0.000572218778312908,2521.415,0
"4","High-income","High-income Asia Pacific","South Korea",9873,128.103,36.504,6.6258837681067e-05,"KOR","Asia",2021-07-16,176500,1454,2055,4,3442.614,40.083,51269183,527.967,43.4,8.622,35938.374,85.998,6.8,6.2,40.9,0.011643059490085,213.394,4.91853482878994e-09
"5","High-income","High-income Australasia","Australia",768230,136.189,-24.973,1.1512095483073e-05,"AUS","Oceania",2021-07-16,31771,145,913,1,1245.927,35.804,25499881,3.202,37.9,10.129,44648.71,107.791,5.07,13,16.5,0.0287368984293853,901.68,1.53525642524323e-09
"6","High-income","High-income Australasia","New Zealand",26799,172.235,-42.634,1.0419667706263e-05,"NZL","Oceania",2021-07-16,2804,0,26,0,581.473,5.392,4822233,18.206,37.9,9.72,36085.843,128.797,8.08,14.8,17.2,0.00927246790299572,497.249,1.12177692148906e-09
"7","High-income","High-income North America","Canada",909351,-109.433,59.081,6.2499366400619e-06,"CAN","North America",2021-07-16,1430127,380,26450,14,37892.031,700.808,37742157,4.037,41.4,10.797,44017.591,105.599,7.37,12,16.6,0.018494860945916,1004.38,3.68494959574834e-09
"8","High-income","High-income North America","Greenland",41045,-41.391,74.719,1.05576053139352e-07,"GRL","North America",2021-07-16,NA,NA,NA,NA,NA,NA,56772,0.137,NA,NA,NA,199.941,2.16,NA,NA,NA,NA,7.55481306684285e-10
"9","High-income","High-income North America","United States",915896,-98.606,39.622,1.73441359463595e-05,"USA","North America",2021-07-16,34054952,79310,608815,391,102884.229,1839.306,331002647,35.608,38.3,9.732,54225.446,151.089,10.79,19.1,24.6,0.0178774293970522,1445.48,3.40493195397514e-09
"10","High-income","High-income Southern Latin America","Argentina",273669,-65.167,-35.377,1.14350910501948e-05,"ARG","South America",2021-07-16,4737213,17261,101158,463,104815.39,2238.218,45195777,16.177,31.9,7.441,18933.907,191.032,5.5,16.2,27.7,0.0213539057669562,258.831,1.8202555856643e-09
"11","High-income","High-income Southern Latin America","Chile",74880,-69.433,-23.389,1.09363316218358e-05,"CHL","South America",2021-07-16,1596549,2053,34309,102,83518.076,1794.76,19116209,24.282,35.4,6.938,22767.037,127.993,8.46,34.2,41.5,0.0214894751116314,919.902,1.73850352023349e-09
"12","High-income","High-income Southern Latin America","Uruguay",17502,-56.012,-32.8,1.20886371440074e-05,"URY","South America",2021-07-16,378480,439,5871,6,108955.022,1690.116,3473727,19.751,35.6,10.361,20551.409,160.708,6.93,14,19.9,0.0155120481927711,851.792,1.30478663329262e-09
"13","High-income","High-income Western Europe","Andorra",0,1.576,42.549,2.99518733186125e-05,"AND","Europe",2021-07-16,14273,34,127,0,184727.885,1643.694,77265,163.755,NA,NA,NA,109.135,7.97,29,37.8,0.00889791914804176,2583.019,0
"14","High-income","High-income Western Europe","Austria",8245,14.912,47.683,2.5006311217908e-05,"AUT","Europe",2021-07-16,653001,341,10728,1,72504.108,1191.153,9006400,106.749,44.4,13.748,45436.686,145.183,6.35,28.4,30.9,0.016428765040176,6872.661,3.79798630320851e-09
"15","High-income","High-income Western Europe","Belgium",0,4.664,50.643,3.99662800692417e-05,"BEL","Europe",2021-07-16,1103413,1344,25209,1,95207.037,2175.137,11589616,375.564,41.8,12.849,42658.576,114.898,4.29,25.1,31.4,0.0228463866204223,1427.073,2.70606667218822e-09
"16","High-income","High-income Western Europe","Cyprus",924,33.219,35.043,2.04424746704792e-05,"CYP","Europe",2021-07-16,89410,953,384,1,100686.37,432.43,888005,127.657,37.3,8.563,32415.132,141.171,9.24,19.6,52.7,0.00429482160832122,10483.965,0
"17","High-income","High-income Western Europe","Denmark",4243,9.264,56.058,3.06897571869039e-05,"DNK","Europe",2021-07-16,305412,973,2542,1,52728.124,438.866,5792203,136.52,42.3,12.325,46682.515,114.767,6.41,19.3,18.8,0.00832318311002842,6378.937,3.23642078396241e-09
"18","High-income","High-income Western Europe","Finland",30459,26.272,64.504,1.54813875976533e-05,"FIN","Europe",2021-07-16,99592,380,978,0,17974.566,176.511,5540718,18.136,42.8,13.264,40585.721,153.507,5.76,18.3,22.6,0.00982006586874448,1030.094,4.16670903360693e-09
"19","High-income","High-income Western Europe","France",55010,2.55,46.565,2.92570047477218e-05,"FRA","Europe",2021-07-16,5906448,10995,111641,22,87419.721,1652.368,67564251,122.578,42,13.079,38605.671,86.06,4.77,30.1,35.6,0.018901546242344,NA,3.68469152883693e-09
"20","High-income","High-income Western Europe","Germany",34895,9.851,51.11,4.90032925178458e-05,"DEU","Europe",2021-07-16,3749944,1565,91367,21,44757.31,1090.507,83783945,237.016,46.6,15.957,45229.245,156.139,8.31,28.2,33.1,0.0243648971824646,785.068,5.89155826015399e-09
"21","High-income","High-income Western Europe","Greece",12890,21.766,39.666,1.93718871467412e-05,"GRC","Europe",2021-07-16,453200,2688,12809,14,43480.53,1228.91,10423056,83.479,45.3,14.524,24574.382,175.695,4.55,35.3,52,0.0282634598411297,1092.985,1.22312222980798e-09
"22","High-income","High-income Western Europe","Iceland",10025,-18.48,64.764,7.08882597518499e-06,"ISL","Europe",2021-07-16,6555,0,29,0,19208.791,84.982,341250,3.404,37.3,9.207,46482.958,117.992,5.31,14.3,15.2,0.00442410373760488,NA,1.12484531355461e-09
"23","High-income","High-income Western Europe","Ireland",6889,-8.152,53.177,1.51686775094961e-05,"IRL","Europe",2021-07-16,281954,1170,5018,0,57101.184,1016.243,4937796,69.874,38.7,8.678,67335.293,126.459,3.28,23,25.7,0.0177972293352816,NA,2.25270471297943e-09
"24","High-income","High-income Western Europe","Israel",2171,34.851,31.026,2.57192061434453e-05,"ISR","Asia",2021-07-16,850104,830,6444,1,98215.005,744.494,8655541,402.606,30.6,7.359,33132.32,93.32,6.74,15.4,35.4,0.00758024900482764,2121.361,3.81253510973976e-09
"25","High-income","High-income Western Europe","Italy",29411,10.44,44.931,3.50089961539585e-05,"ITA","Europe",2021-07-16,4281214,2895,127851,11,70808.544,2114.574,60461828,205.859,47.9,16.24,35220.084,113.151,4.78,19.8,27.8,0.0298632584122167,1238.495,3.12726955735852e-09
"26","High-income","High-income Western Europe","Luxembourg",0,6.088,49.771,3.98021046601562e-05,"LUX","Europe",2021-07-16,72759,127,820,1,116232.891,1309.954,625976,231.447,39.7,9.842,94277.965,128.275,4.42,20.9,26,0.0112700834261054,5115.172,0
"27","High-income","High-income Western Europe","Malta",32,14.442,35.89,1.63598591080952e-05,"MLT","Europe",2021-07-16,32069,235,420,0,72630.051,951.218,441539,1454.037,42.4,11.324,36513.323,168.711,8.83,20.9,30.2,0.0130967601110106,2331.885,0
"28","High-income","High-income Western Europe","Netherlands",3388,5.389,52.077,7.77991240986641e-05,"NLD","Europe",2021-07-16,1805526,11368,18060,2,105371.426,1053.991,17134873,508.544,43.2,11.881,48472.545,109.361,5.29,24.4,27.3,0.0100026252737429,633.081,8.51806945506973e-09
"29","High-income","High-income Western Europe","Norway",30625,8.74,61.152,1.15402691528583e-05,"NOR","Europe",2021-07-16,134092,216,796,0,24734.553,146.83,5421242,14.462,39.7,10.813,64800.057,114.316,5.31,19.6,20.7,0.00593622289174597,1175.454,1.93227246032808e-09
"30","High-income","High-income Western Europe","Portugal",9150,-8.058,40.309,2.30746631467451e-05,"PRT","Europe",2021-07-16,923747,3547,17194,7,90592.679,1686.231,10196707,112.371,46.2,14.924,27936.896,127.842,9.85,16.3,30,0.0186133216129525,1416.707,2.50860689972738e-09
"31","High-income","High-income Western Europe","Spain",49904,-3.649,40.227,2.61832512240611e-05,"ESP","Europe",2021-07-16,4100222,31060,81096,12,87696.311,1734.496,46754783,93.105,45.5,13.799,34272.36,99.403,7.17,27.4,31.4,0.0197784412648876,1027.256,2.49415638229885e-09
"32","High-income","High-income Western Europe","Sweden",41033,15.27,62.011,1.28646699282761e-05,"SWE","Europe",2021-07-16,1094287,364,14646,3,108353.079,1450.204,10099270,24.718,41,13.433,46949.283,133.982,4.79,18.8,18.9,0.0133840573816558,NA,2.17510235344246e-09
"33","High-income","High-income Western Europe","Switzerland",4000,7.908,46.861,4.21481751515317e-05,"CHE","Europe",2021-07-16,707357,0,10902,39,81731.741,1259.674,8654618,214.243,43.1,12.644,57410.166,99.739,5.59,22.6,28.9,0.0154123024158947,968.328,4.11294641207147e-09
"34","High-income","High-income Western Europe","United Kingdom",24193,-2.9,54.16,3.80608672470716e-05,"GBR","Europe",2021-07-16,5353245,51949,128913,49,78856.387,1898.963,67886004,272.898,40.8,12.527,39753.244,122.137,4.28,20,24.7,0.0240812815404488,3373.781,6.25459767288443e-09
"35","Latin America and Caribbean","Caribbean","Antigua and Barbuda",44,-61.783,17.078,9.53316832443192e-06,"ATG","North America",2021-07-16,1268,1,42,0,12948.289,428.887,97928,231.845,32.1,4.631,21490.943,191.511,13.17,NA,NA,0.0331230283911672,170.533,0
"36","Latin America and Caribbean","Caribbean","Barbados",43,-59.559,13.153,7.25567677805856e-06,"BRB","North America",2021-07-16,4241,11,48,0,14757.926,167.031,287371,664.463,39.8,9.473,16978.068,170.05,13.57,1.9,14.5,0.0113180853572271,NA,0
"37","Latin America and Caribbean","Caribbean","Belize",2281,-88.602,17.219,1.12606286666998e-05,"BLZ","North America",2021-07-16,13683,39,332,0,34412.166,834.966,397621,16.426,25,2.279,7824.362,176.957,17.11,NA,NA,0.0242636848644303,427.998,7.02116632304866e-10
"38","Latin America and Caribbean","Caribbean","Bermuda",5,-64.709,32.336,1.24615616530092e-05,"BMU","North America",2021-07-16,NA,NA,NA,NA,NA,NA,62273,1308.82,NA,NA,50669.315,139.547,13,NA,NA,NA,NA,0
"39","Latin America and Caribbean","Caribbean","Cuba",10982,-77.781,21.297,1.2468790464481e-05,"CUB","North America",2021-07-16,269546,6460,1791,65,23797.576,158.123,11326616,110.408,43.1,9.719,NA,190.968,8.27,17.1,53.3,0.00664450594703687,NA,7.82080747606776e-10
"40","Latin America and Caribbean","Caribbean","Dominica",75,-61.356,15.475,9.93885467051056e-06,"DMA","North America",2021-07-16,199,0,NA,NA,2764.234,NA,71991,98.567,NA,NA,9673.367,227.376,11.62,NA,NA,NA,NA,0
"41","Latin America and Caribbean","Caribbean","Dominican Republic",4838,-70.729,19.015,1.31421815290452e-05,"DOM","North America",2021-07-16,336693,549,3910,3,31037.609,360.438,10847904,222.873,27.6,4.419,14600.861,266.653,8.2,8.5,19.1,0.0116129530462469,164.823,1.97052550941299e-09
"42","Latin America and Caribbean","Caribbean","Grenada",34,-61.678,12.118,1.77200625899109e-05,"GRD","North America",2021-07-16,161,0,1,0,1430.869,8.887,112519,317.132,29.4,5.021,13593.877,243.964,10.71,NA,NA,0.0062111801242236,NA,0
"43","Latin America and Caribbean","Caribbean","Guyana",19685,-58.974,4.792,6.1501526636052e-06,"GUY","South America",2021-07-16,21351,77,507,1,27144.817,644.58,786559,3.952,26.3,2.837,7435.047,373.159,11.62,NA,NA,0.0237459603765632,NA,4.13792663687049e-10
"44","Latin America and Caribbean","Caribbean","Haiti",2756,-72.278,19.142,2.03070668506806e-05,"HTI","North America",2021-07-16,19374,0,487,0,1699.096,42.71,11402533,398.448,24.3,2.954,1653.173,430.548,6.65,2.9,23.1,0.025136781253226,NA,3.1651507497267e-09
"45","Latin America and Caribbean","Caribbean","Jamaica",1083,-77.32,18.151,1.05173237184021e-05,"JAM","North America",2021-07-16,50983,70,1140,4,17217.233,384.984,2961161,266.879,31.4,6.39,8193.571,206.537,11.28,5.3,28.6,0.022360394641351,159.468,0
"46","Latin America and Caribbean","Caribbean","Puerto Rico",887,-66.466,18.221,9.00395551174925e-06,NA,NA,NA,NA,NA,NA,NA,NA,NA,NA,NA,NA,NA,NA,NA,NA,NA,NA,NA,NA,NA
"47","Latin America and Caribbean","Caribbean","Saint Lucia",61,-60.969,13.898,8.0315344935615e-06,"LCA","North America",2021-07-16,5462,7,87,0,29744.757,473.781,183629,293.187,34.9,6.405,12951.839,204.62,11.62,NA,NA,0.0159282314170633,NA,0
"48","Latin America and Caribbean","Caribbean","Saint Vincent and the Grenadines",39,-61.194,13.248,8.23116839525363e-06,"VCT","North America",2021-07-16,2258,0,12,0,20352.06,108.16,110947,281.787,31.8,4.832,10727.146,252.675,11.62,NA,NA,0.00531443755535872,NA,0
"49","Latin America and Caribbean","Caribbean","Suriname",15600,-55.912,4.127,5.73522984877053e-06,"SUR","South America",2021-07-16,24055,194,607,5,41005.124,1034.717,586634,3.612,29.6,4.229,13767.119,258.314,12.54,7.4,42.9,0.0252338391186863,NA,5.67100831573488e-10
"50","Latin America and Caribbean","Caribbean","Bahamas",1001,-78.014,24.628,1.19522483329611e-05,"BHS","North America",2021-07-16,13404,130,273,17,34085.361,694.218,393248,39.497,34.3,5.2,27717.847,235.954,13.17,3.1,20.4,0.020367054610564,NA,0
"51","Latin America and Caribbean","Caribbean","Trinidad and Tobago",513,-61.253,10.468,8.3165921523419e-06,"TTO","North America",2021-07-16,35679,251,982,13,25494.269,701.684,1399491,266.886,36.2,5.819,28763.071,228.467,10.97,NA,NA,0.0275231929145996,176.527,1.61465315130405e-09
"52","Latin America and Caribbean","Central Latin America","Colombia",103870,-73.076,3.9,1.01910655599216e-05,"COL","South America",2021-07-16,4601335,17893,115333,500,90429.917,2266.636,50882884,44.223,32.2,4.312,13254.949,124.24,7.44,4.7,13.5,0.0250651169714876,424.56,1.08641320049251e-09
"53","Latin America and Caribbean","Central Latin America","Costa Rica",5106,-83.946,9.971,1.06767679205359e-05,"CRI","North America",2021-07-16,389798,1500,4874,17,76519.293,956.791,5094114,96.079,33.6,5.694,15524.995,137.973,8.78,6.4,17.4,0.0125039122827721,270.114,6.14715606336103e-10
"54","Latin America and Caribbean","Central Latin America","El Salvador",2072,-88.866,13.736,1.19541884958516e-05,"SLV","North America",2021-07-16,82852,247,2477,7,12773.579,381.888,6486201,307.811,27.6,5.417,7292.458,167.295,8.87,2.5,18.8,0.0298966832424081,NA,3.65461689326834e-10
"55","Latin America and Caribbean","Central Latin America","Guatemala",10843,-90.398,15.256,1.86366459169798e-05,"GTM","North America",2021-07-16,330651,2896,9871,37,18456.072,550.973,17915567,157.834,22.9,3.016,7423.808,155.898,10.18,NA,NA,0.0298532289332257,96.275,1.70803271637285e-09
"56","Latin America and Caribbean","Central Latin America","Honduras",11189,-86.863,14.819,1.26375017848487e-05,"HND","North America",2021-07-16,277974,0,7391,0,28065.119,746.218,9904608,82.805,24.9,2.883,4541.795,240.208,7.21,2,NA,0.0265888176592055,NA,1.30763354642271e-09
"57","Latin America and Caribbean","Central Latin America","Mexico",190869,-102.535,23.951,1.48413125717419e-05,"MEX","North America",2021-07-16,2642068,12420,236015,275,20491.83,1830.528,128932753,66.444,29.3,4.321,17336.469,152.783,13.06,6.9,21.4,0.0893296463225019,58.26,1.66745506235618e-09
"58","Latin America and Caribbean","Central Latin America","Nicaragua",12140,-85.034,12.84,9.99292127198985e-06,"NIC","North America",2021-07-16,8767,0,193,0,1323.41,29.134,6624554,51.667,27.3,3.519,5321.444,137.016,11.47,NA,NA,0.0220143720771073,NA,9.03809362104238e-10
"59","Latin America and Caribbean","Central Latin America","Panama",7443,-80.92,8.384,1.25079107132651e-05,"PAN","North America",2021-07-16,420916,1087,6688,14,97552.406,1550.025,4314768,55.133,29.7,5.03,22267.037,128.346,8.33,2.4,9.9,0.0158891560311321,733.677,1.75163024125378e-09
"60","Latin America and Caribbean","Central Latin America","Venezuela",88205,-66.166,7.125,9.24895146480608e-06,"VEN","South America",2021-07-16,290524,1162,3350,11,10216.788,117.809,28435943,36.253,29,3.915,16745.022,204.85,6.47,NA,NA,0.0115308890143327,NA,1.31265453533837e-09
"61","Latin America and Caribbean","Tropical Latin America","Brazil",845942,-53.089,-10.772,1.24792113585639e-05,"BRA","South America",2021-07-16,19308109,45591,540398,1456,90836.294,2542.339,212559409,25.04,33.5,5.06,14103.452,177.961,8.11,10.1,17.9,0.0279881370050273,NA,1.39965384446219e-09
"62","Latin America and Caribbean","Tropical Latin America","Paraguay",39730,-58.391,-23.236,1.44293790615912e-05,"PRY","South America",2021-07-16,443378,1171,14178,58,62162.795,1987.794,7132530,17.144,26.5,3.833,8827.01,199.128,8.27,5,21.6,0.0319772293618538,224.394,1.26421452093015e-09
"63","Latin America and Caribbean","Andean Latin America","Bolivia",108438,-64.671,-16.715,1.14718620820712e-05,"BOL","South America",2021-07-16,459579,0,17375,0,39371.015,1488.474,11673029,10.202,25.4,4.393,6885.829,204.299,6.89,NA,NA,0.037806340150442,168.081,8.11874983693833e-10
"64","Latin America and Caribbean","Andean Latin America","Ecuador",27684,-78.497,-1.385,1.13874132683757e-05,"ECU","South America",2021-07-16,473647,925,21899,27,26846.08,1241.225,17643060,66.939,28.1,4.458,10581.936,140.448,5.55,2,12.3,0.046234854226882,87.179,1.12800849384254e-09
"65","Latin America and Caribbean","Andean Latin America","Peru",128000,-75.552,-9.326,8.52502589128472e-06,"PER","South America",2021-07-16,2090175,2032,194935,90,63392.72,5912.165,32971846,25.129,29.1,4.455,12236.706,85.755,5.95,4.8,NA,0.0932625258650591,NA,8.52189930871578e-10
"66","Sub-Saharan Africa","Central sub-Saharan Africa","Angola",124670,17.544,-12.296,2.35199098380236e-05,"AGO","Africa",2021-07-16,40631,101,952,1,1236.252,28.966,32866268,23.89,16.8,1.362,5819.495,276.045,3.94,NA,NA,0.023430385666117,NA,2.43712709064114e-09
"67","Sub-Saharan Africa","Central sub-Saharan Africa","Central African Republic",62298,20.483,6.571,2.28126409795855e-05,"CAF","Africa",2021-07-16,7142,0,98,0,1478.747,20.291,4829764,7.479,18.3,2.251,661.24,435.727,6.1,NA,NA,0.0137216465975917,NA,2.30562958071143e-09
"68","Sub-Saharan Africa","Central sub-Saharan Africa","Congo",34150,15.986,-0.055,2.22190158059714e-05,"COG","Africa",2021-07-16,12933,0,172,0,2343.745,31.17,5518092,15.405,19,2.063,4881.406,344.094,7.2,1.7,52.3,0.013299311837934,NA,1.14250138860777e-09
"69","Sub-Saharan Africa","Central sub-Saharan Africa","Democratic Republic of Congo",226705,23.654,-2.876,2.24629857276788e-05,"COD","Africa",2021-07-16,45426,215,984,0,507.205,10.987,89561404,35.879,17,1.745,808.133,318.949,6.1,NA,NA,0.0216616034869898,NA,2.62792206458591e-09
"70","Sub-Saharan Africa","Central sub-Saharan Africa","Equatorial Guinea",2805,10.488,1.607,1.99175080861215e-05,"GNQ","Africa",2021-07-16,8828,0,123,0,6292.298,87.67,1402985,45.194,22.4,1.752,22604.873,202.812,7.78,NA,NA,0.0139329406434073,119.01,1.17616010029617e-09
"71","Sub-Saharan Africa","Central sub-Saharan Africa","Gabon",25767,11.797,-0.591,1.81311497426247e-05,"GAB","Africa",2021-07-16,25260,15,162,0,11349.096,72.785,2225728,7.859,23.1,2.976,16562.413,259.967,7.2,NA,NA,0.00641330166270784,420.854,1.36108354888148e-09
"72","Sub-Saharan Africa","Eastern sub-Saharan Africa","Burundi",2568,29.887,-3.356,1.59414410440111e-05,"BDI","Africa",2021-07-16,5802,38,8,0,487.941,0.673,11890781,423.062,17.5,1.504,702.225,293.068,6.05,NA,NA,0.00137883488452258,NA,1.36839174765711e-09
"73","Sub-Saharan Africa","Eastern sub-Saharan Africa","Comoros",223,43.337,-11.758,8.89979885150822e-06,"COM","Africa",2021-07-16,4009,7,147,1,4610.192,169.044,869595,437.352,20.4,1.726,1413.89,261.516,11.88,4.4,23.6,0.0366674981292093,NA,0
"74","Sub-Saharan Africa","Eastern sub-Saharan Africa","Djibouti",2318,42.516,11.9,1.18518168034289e-05,"DJI","Africa",2021-07-16,11622,0,155,0,11763.134,156.882,988002,41.285,25.4,2.38,2705.406,258.037,6.05,1.7,24.5,0.0133367750817415,NA,6.46249933616255e-10
"75","Sub-Saharan Africa","Eastern sub-Saharan Africa","Eritrea",10100,38.219,16.045,1.38836739397771e-05,"ERI","Africa",2021-07-16,6402,20,30,0,1805.197,8.459,3546427,44.304,19.3,2.171,1510.459,311.11,6.05,0.2,11.4,0.00468603561387067,NA,1.63058282229772e-09
"76","Sub-Saharan Africa","Eastern sub-Saharan Africa","Ethiopia",100000,39.616,8.626,1.09841555973685e-05,"ETH","Africa",2021-07-16,277536,93,4352,2,2414.121,37.855,114963583,104.957,19.8,2.063,1729.927,182.634,7.47,0.4,8.5,0.0156808486106307,25.708,8.75614146858585e-10
"77","Sub-Saharan Africa","Eastern sub-Saharan Africa","Kenya",56914,37.858,0.53,8.70437096978357e-06,"KEN","Africa",2021-07-16,191712,692,3754,8,3565.322,69.814,53771300,87.324,20,1.528,2993.028,218.637,2.92,1.2,20.4,0.0195814555166082,NA,9.75548602388565e-10
"78","Sub-Saharan Africa","Eastern sub-Saharan Africa","Madagascar",58154,46.706,-19.374,1.26888876618237e-05,"MDG","Africa",2021-07-16,42495,16,936,2,1534.613,33.802,27691019,43.951,19.6,1.686,1416.44,405.994,3.94,NA,NA,0.0220261207200847,7.937,1.01128931253347e-09
"79","Sub-Saharan Africa","Eastern sub-Saharan Africa","Malawi",9408,33.808,-13.4,1.72771460677507e-05,"MWI","Africa",2021-07-16,42254,756,1313,12,2208.787,68.636,19129955,197.519,18.1,1.783,1095.042,227.349,3.94,4.4,24.7,0.0310739811615468,15.37,1.53968306310669e-09
"80","Sub-Saharan Africa","Eastern sub-Saharan Africa","Mozambique",78409,37.923,-14.422,1.67141817845529e-05,"MOZ","Africa",2021-07-16,96127,1394,1075,18,3075.529,34.394,31255435,37.728,17.7,1.87,1136.103,329.942,3.3,5.1,29.1,0.0111831223277539,20.695,1.81916922695148e-09
"81","Sub-Saharan Africa","Eastern sub-Saharan Africa","Rwanda",2467,29.917,-1.998,1.30238606253711e-05,"RWA","Africa",2021-07-16,52552,927,626,10,4057.377,48.332,12952209,494.869,20.3,1.642,1854.211,191.375,4.28,4.7,21,0.0119120109605724,136.098,9.34518010638014e-10
"82","Sub-Saharan Africa","Eastern sub-Saharan Africa","Somalia",62734,48.316,9.774,6.50272842434868e-06,"SOM","Africa",2021-07-16,15081,0,781,0,948.895,49.14,15893219,23.5,16.8,1.496,NA,365.769,6.05,NA,NA,0.0517870167760759,NA,3.40372613610225e-10
"83","Sub-Saharan Africa","Eastern sub-Saharan Africa","Uganda",19710,32.386,1.28,1.35711624516047e-05,"UGA","Africa",2021-07-16,89514,434,2286,37,1956.975,49.977,45741000,213.759,16.4,1.308,1697.707,213.333,2.5,3.4,16.7,0.0255379046853006,30.782,1.21663220696375e-09
"84","Sub-Saharan Africa","Eastern sub-Saharan Africa","Zambia",74339,26.32,-14.614,2.0297248704624e-05,"ZMB","Africa",2021-07-16,183344,1215,3022,31,9973.044,164.382,18383956,22.995,17.7,1.542,3689.251,234.499,3.94,3.1,24.7,0.0164826773714984,108.499,1.69574236755574e-09
"85","Sub-Saharan Africa","Southern sub-Saharan Africa","Botswana",56673,23.815,-22.182,1.7022497523679e-05,"BWA","Africa",2021-07-16,86133,0,1274,0,36627.013,541.753,2351625,4.044,25.8,2.242,15807.374,237.372,4.81,5.7,34.4,0.0147910789128441,NA,2.00359920439888e-09
"86","Sub-Saharan Africa","Southern sub-Saharan Africa","Lesotho",3035,28.243,-29.581,1.80394717815845e-05,"LSO","Africa",2021-07-16,12398,245,339,1,5787.368,158.245,2142252,73.562,22.2,2.647,2851.153,405.126,3.94,0.4,53.9,0.0273431198580416,NA,1.03213701738996e-09
"87","Sub-Saharan Africa","Southern sub-Saharan Africa","Namibia",82329,17.218,-22.133,1.21155371348681e-05,"NAM","Africa",2021-07-16,110365,1009,2371,101,43435.123,933.128,2540916,3.078,22,2.085,9541.808,243.811,3.94,9.7,34.2,0.0214832600915145,227.7,1.23870885268023e-09
"88","Sub-Saharan Africa","Southern sub-Saharan Africa","South Africa",121447,23.121,-30.558,2.30174945015859e-05,"ZAF","Africa",2021-07-16,2269179,15939,66385,413,38260.481,1119.313,59308690,46.754,27.3,3.053,12294.876,200.38,5.52,8.1,33.2,0.0292550741920316,240.605,3.60459434823037e-09
"89","Sub-Saharan Africa","Southern sub-Saharan Africa","Swaziland",1720,31.497,-26.562,4.79574596485702e-05,NA,NA,NA,NA,NA,NA,NA,NA,NA,NA,NA,NA,NA,NA,NA,NA,NA,NA,NA,NA,NA
"90","Sub-Saharan Africa","Southern sub-Saharan Africa","Zimbabwe",38685,29.872,-19,1.58396210053329e-05,"ZWE","Africa",2021-07-16,81168,2296,2520,102,5461.105,169.549,14862927,42.729,19.6,1.882,1899.775,307.846,1.82,1.6,30.7,0.0310467179183915,52.417,1.29626211960359e-09
"91","Sub-Saharan Africa","Western sub-Saharan Africa","Benin",11062,2.469,10.541,2.00871625900947e-05,"BEN","Africa",2021-07-16,8244,0,107,0,680.019,8.826,12123198,99.11,18.8,1.942,2064.236,235.848,0.99,0.6,12.3,0.0129791363415818,NA,2.11766689971556e-09
"92","Sub-Saharan Africa","Western sub-Saharan Africa","Burkina Faso",27360,-1.74,12.278,1.82986531563574e-05,"BFA","Africa",2021-07-16,13532,2,169,0,647.363,8.085,20903278,70.151,17.6,1.358,1703.102,269.048,2.42,1.6,23.9,0.0124889151640556,NA,1.61681834248675e-09
"93","Sub-Saharan Africa","Western sub-Saharan Africa","Cameroon",46540,12.277,5.133,1.89065119018975e-05,"CMR","Africa",2021-07-16,81467,609,1330,6,3068.915,50.102,26545864,50.885,18.8,1.919,3364.926,244.661,7.2,NA,NA,0.0163256287822063,NA,1.48290917021882e-09
"94","Sub-Saharan Africa","Western sub-Saharan Africa","Cape Verde",403,-23.634,15.071,8.745782349228e-06,"CPV","Africa",2021-07-16,33234,54,295,1,59774.671,530.587,555988,135.58,25.7,3.437,6222.554,182.219,2.42,2.1,16.5,0.0088764518264428,NA,0
"95","Sub-Saharan Africa","Western sub-Saharan Africa","Chad",125920,18.665,15.361,1.53211963465576e-05,"TCD","Africa",2021-07-16,4964,5,174,0,302.206,10.593,16425859,11.833,16.7,1.446,1768.153,280.995,6.1,NA,NA,0.0350523771152297,NA,1.62364912736344e-09
"96","Sub-Saharan Africa","Western sub-Saharan Africa","Cote d'Ivoire",31800,-5.556,7.632,1.52392102627442e-05,"CIV","Africa",2021-07-16,49069,70,320,1,1860.205,12.131,26378275,76.399,18.7,1.582,3601.006,303.74,2.42,NA,NA,0.00652142900813141,32.853,1.27659801355282e-09
"97","Sub-Saharan Africa","Western sub-Saharan Africa","Ghana",22754,-1.207,7.96,2.01412870132454e-05,"GHA","Africa",2021-07-16,98114,0,806,0,3157.538,25.939,31072945,126.719,21.1,1.948,4227.63,298.245,4.97,0.3,7.7,0.00821493364861284,43.188,1.74915207280552e-09
"98","Sub-Saharan Africa","Western sub-Saharan Africa","Guinea",24572,-10.942,10.439,1.91639544356324e-05,"GIN","Africa",2021-07-16,24385,87,185,1,1856.802,14.087,13132792,51.755,19,1.733,1998.926,336.717,2.42,NA,NA,0.00758663112569202,NA,1.70193913004243e-09
"99","Sub-Saharan Africa","Western sub-Saharan Africa","Guinea-Bissau",2812,-14.651,12.125,1.8029510987813e-05,"GNB","Africa",2021-07-16,4034,36,72,2,2049.799,36.585,1967998,66.191,19.4,1.565,1548.675,382.474,2.42,NA,NA,0.0178482895389192,NA,1.1461339144755e-09
"100","Sub-Saharan Africa","Western sub-Saharan Africa","Liberia",9632,-9.657,6.682,1.31702808774187e-05,"LBR","Africa",2021-07-16,5306,0,148,0,1049.098,29.262,5057677,49.127,19.2,1.756,752.788,272.509,2.42,1.5,18.1,0.027892951375801,NA,1.1967776541722e-09
"101","Sub-Saharan Africa","Western sub-Saharan Africa","Mali",122019,-3.524,17.35,1.33180770107688e-05,"MLI","Africa",2021-07-16,14502,6,529,0,716.119,26.122,20250834,15.196,16.4,1.486,2014.306,268.024,2.42,1.6,23,0.03647772721004,NA,1.59111102087665e-09
"102","Sub-Saharan Africa","Western sub-Saharan Africa","Mauritania",102522,-10.332,20.26,1.10562292223461e-05,"MRT","Africa",2021-07-16,22298,111,508,5,4795.619,109.255,4649660,4.289,20.3,1.792,3597.633,232.347,2.42,NA,NA,0.0227823123150058,NA,1.08893785898341e-09
"103","Sub-Saharan Africa","Western sub-Saharan Africa","Niger",126670,9.398,17.426,1.26027612346749e-05,"NER","Africa",2021-07-16,5564,9,194,0,229.854,8.014,24206636,16.955,15.1,1.378,926,238.339,2.42,0.1,15.4,0.0348670021567218,NA,1.46713093953424e-09
"104","Sub-Saharan Africa","Western sub-Saharan Africa","Nigeria",91077,8.105,9.594,2.35210934844253e-05,"NGA","Africa",2021-07-16,169206,132,2126,0,820.832,10.313,206139587,209.588,18.1,1.447,5338.454,181.013,2.42,0.6,10.8,0.0125645662683356,11.462,1.91312217170355e-09
"105","Sub-Saharan Africa","Western sub-Saharan Africa","Sao Tome and Principe",96,6.629,0.201,1.47980829330127e-05,"STP","Africa",2021-07-16,2406,6,37,0,10978.231,168.826,219161,212.841,18.7,2.162,3052.714,270.113,2.42,NA,NA,0.015378221113882,NA,0
"106","Sub-Saharan Africa","Western sub-Saharan Africa","Senegal",19253,-14.881,15.013,1.71389819115816e-05,"SEN","Africa",2021-07-16,49008,738,1209,0,2926.911,72.205,16743930,82.328,18.7,1.796,2470.58,241.219,2.42,0.4,16.6,0.0246694417238002,37.189,9.68364440878228e-10
"107","Sub-Saharan Africa","Western sub-Saharan Africa","Sierra Leone",7162,-11.792,8.56,1.63540191257199e-05,"SLE","Africa",2021-07-16,6142,20,114,1,769.965,14.291,7976985,104.7,19.1,1.285,1390.3,325.721,2.42,8.8,41.3,0.0185607294041029,NA,7.02747115023646e-10
"108","Sub-Saharan Africa","Western sub-Saharan Africa","Gambia",1000,-15.386,13.453,1.75229845405112e-05,"GMB","Africa",2021-07-16,6610,0,188,0,2735.175,77.793,2416664,207.566,17.5,1.417,1561.767,331.43,1.91,0.7,31.2,0.0284417549167927,NA,3.10050086919992e-09
"109","Sub-Saharan Africa","Western sub-Saharan Africa","Togo",5439,1.081,8.799,2.14030010982395e-05,"TGO","Africa",2021-07-16,14511,85,134,0,1752.804,16.186,8278737,143.366,19.4,1.525,1429.813,280.033,6.15,0.9,14.2,0.00923437392323065,46.028,1.82463335848422e-09
"110","North Africa and the Middle East","North Africa and the Middle East","Afghanistan",65209,65.216,33.677,1.31000031303671e-05,"AFG","Asia",2021-07-16,137853,0,5983,0,3541.199,153.693,38928341,54.422,18.6,1.337,1803.987,597.029,9.59,NA,NA,0.0434013042879009,NA,1.06853501207059e-09
"111","North Africa and the Middle East","North Africa and the Middle East","Algeria",238174,2.632,28.163,1.21397113449641e-05,"DZA","Africa",2021-07-16,151103,1197,3910,15,3445.825,89.165,43851043,17.348,29.1,3.857,13913.839,278.364,6.73,0.7,30.4,0.0258763889532306,NA,2.13741668553638e-09
"112","North Africa and the Middle East","North Africa and the Middle East","Bahrain",71,50.562,26.019,2.9515269755534e-05,"BHR","Asia",2021-07-16,267727,108,1379,0,157339.959,810.422,1701583,1935.907,32.4,1.387,43290.705,151.689,16.52,5.8,37.6,0.00515076925375476,3089.905,0
"113","North Africa and the Middle East","North Africa and the Middle East","Egypt",99545,29.872,26.494,1.61115670031663e-05,"EGY","Africa",2021-07-16,283567,77,16431,6,2770.984,160.562,102334403,97.999,25.3,2.891,10550.206,525.432,17.31,0.2,50.1,0.0579439779664065,NA,3.66316627215294e-09
"114","North Africa and the Middle East","North Africa and the Middle East","Iran",163620,54.301,32.565,2.46118716944812e-05,"IRN","Asia",2021-07-16,3485940,21885,86791,199,41502.768,1033.313,83992953,49.831,32.4,3.182,19082.62,270.308,9.59,0.8,21.1,0.024897445165436,297.268,3.59308722857472e-09
"115","North Africa and the Middle East","North Africa and the Middle East","Iraq",43737,43.772,33.048,2.78069645744354e-05,"IRQ","Asia",2021-07-16,1474865,8336,17751,44,36667.658,441.32,40222503,88.125,20,1.957,15663.986,218.612,8.83,NA,NA,0.0120356778417008,306.87,4.64914749741933e-09
"116","North Africa and the Middle East","North Africa and the Middle East","Jordan",8824,36.319,30.703,1.67986019059541e-05,"JOR","Asia",2021-07-16,760161,475,9879,7,74502.653,968.231,10203140,109.285,23.2,2.361,8337.49,208.257,11.75,NA,NA,0.0129959311251169,801.158,1.1401179408581e-09
"117","North Africa and the Middle East","North Africa and the Middle East","Kuwait",1782,47.376,29.476,2.75652375286154e-05,"KWT","Asia",2021-07-16,383347,1263,2193,19,89764.979,513.515,4270563,232.128,33.7,1.114,65530.537,132.235,15.84,2.7,37,0.00572066561105213,748.461,1.10656069819203e-09
"118","North Africa and the Middle East","North Africa and the Middle East","Lebanon",1023,35.888,33.92,5.3954213856126e-05,"LBN","Asia",2021-07-16,550004,577,7883,1,80581.448,1154.944,6825442,594.561,31.1,5.43,13367.565,266.591,12.71,26.9,40.7,0.0143326230354688,NA,1.31483568990995e-08
"119","North Africa and the Middle East","North Africa and the Middle East","Libya",175954,18.023,27.044,1.14628217406354e-05,"LBY","Africa",2021-07-16,217434,2866,3253,4,31643.854,473.419,6871287,3.623,29,2.816,17881.509,341.862,10.43,NA,NA,0.0149608616867647,NA,1.44390438905982e-09
"120","North Africa and the Middle East","North Africa and the Middle East","Morocco",44630,-5.758,32.706,1.44067051463436e-05,"MAR","Africa",2021-07-16,552635,2791,9427,9,14972.274,255.401,36910558,80.08,29.6,4.209,7485.013,419.146,7.14,0.8,47.1,0.0170582753535335,178.024,1.86462023801673e-09
"121","North Africa and the Middle East","North Africa and the Middle East","Oman",30950,57.407,21.656,1.20402711033334e-05,"OMN","Asia",2021-07-16,289042,0,3498,0,56601.409,684.993,5106622,14.98,30.7,1.53,37960.709,266.342,12.61,0.5,15.6,0.0121020474533113,NA,1.38798133960162e-09
"122","North Africa and the Middle East","North Africa and the Middle East","Palestine",0,35.278,32.037,2.30256037411923e-05,"PSE","Asia",2021-07-16,315504,0,3585,0,61846.358,702.746,5101416,778.202,20.4,1.726,4449.898,265.91,10.59,NA,NA,0.011362771945839,NA,0
"123","North Africa and the Middle East","North Africa and the Middle East","Qatar",1100,51.191,25.316,3.2125730565604e-05,"QAT","Asia",2021-07-16,224044,133,599,0,77764.434,207.91,2881060,227.322,31.9,0.617,116935.6,176.69,16.52,0.8,26.9,0.0026735819749692,785.831,1.17990489861204e-08
"124","North Africa and the Middle East","North Africa and the Middle East","Saudi Arabia",214969,44.585,24.023,1.7427400254307e-05,"SAU","Asia",2021-07-16,507423,3689,8048,42,14575.313,231.172,34813867,15.322,31.9,1.845,49045.411,259.538,17.72,1.8,25.4,0.0158605345047426,684.553,2.46393282772072e-09
"125","North Africa and the Middle East","North Africa and the Middle East","Sudan",237600,30.05,13.832,1.64378347624041e-05,"SDN","Africa",2021-07-16,36986,0,2776,2,843.48,63.308,43849269,23.258,19.7,2.034,4466.507,431.388,15.67,NA,NA,0.0750554263775483,NA,2.06939022581062e-09
"126","North Africa and the Middle East","North Africa and the Middle East","Syria",18378,38.506,35.013,2.21649451459075e-05,"SYR","Asia",2021-07-16,25821,7,1903,1,1475.43,108.739,17500657,NA,21.7,2.577,NA,376.264,NA,NA,NA,0.0736997017931141,NA,3.8034291785427e-09
"127","North Africa and the Middle East","North Africa and the Middle East","Tunisia",15536,9.596,35.383,1.61946766959275e-05,"TUN","Africa",2021-07-16,533274,6787,17214,205,45121.519,1456.515,11818618,74.228,32.7,5.075,10849.297,318.991,8.52,1.1,65.8,0.032279841132326,171.909,2.49527610981124e-09
"128","North Africa and the Middle East","North Africa and the Middle East","Turkey",76963,35.179,39.061,2.21807150006323e-05,"TUR","Asia",2021-07-16,5514373,6918,50450,35,65383.377,598.181,84339067,104.914,31.6,5.061,25129.341,171.285,12.13,14.1,41.1,0.00914881891377315,NA,2.10564147675947e-09
"129","North Africa and the Middle East","North Africa and the Middle East","United Arab Emirates",8360,54.163,23.549,1.59689114409284e-05,"ARE","Asia",2021-07-16,657884,1530,1892,7,66517.431,191.297,9890400,112.442,34,0.526,67293.483,317.84,17.26,1.2,37.4,0.00287588693447477,6364.822,6.6738073536583e-10
"130","North Africa and the Middle East","North Africa and the Middle East","Yemen",52797,48.355,15.807,1.26086768755437e-05,"YEM","Asia",2021-07-16,6972,5,1366,0,233.756,45.799,29825968,53.508,20.3,1.583,1479.147,495.003,5.35,7.6,29.2,0.195926563396443,NA,1.29885593703633e-09
"131","South Asia","South Asia","Bangladesh",13017,89.941,24.218,3.71638623529476e-05,"BGD","Asia",2021-07-16,1083922,12148,17465,187,6581.614,106.048,164689383,1265.036,27.5,3.262,3523.984,298.003,8.38,1,44.7,0.0161127830231327,44.109,2.85035701960368e-09
"132","South Asia","South Asia","Bhutan",4700,90.429,27.415,2.76129130399745e-05,"BTN","Asia",2021-07-16,2398,18,2,0,3107.78,2.592,771612,21.188,28.6,2.977,8708.597,217.066,9.75,NA,NA,0.000834028356964137,NA,1.9915891517161e-09
"133","South Asia","South Asia","India",297319,79.619,22.881,3.15403611367393e-05,"IND","Asia",2021-07-16,31064908,38079,413091,560,22510.731,299.34,1380004385,450.419,28.2,3.414,6426.674,282.28,10.39,1.9,20.6,0.0132976733747288,322.769,3.1420038987794e-09
"134","South Asia","South Asia","Nepal",14300,83.939,28.253,3.07188454024024e-05,"NPL","Asia",2021-07-16,664576,2006,9506,43,22808.813,326.254,29136808,204.43,25,3.212,2442.804,260.797,7.26,9.5,37.8,0.0143038568952234,118.29,5.30330529422155e-09
"135","South Asia","South Asia","Pakistan",77088,69.386,29.967,2.28420043676627e-05,"PAK","Asia",2021-07-16,986668,2949,22760,40,4466.737,103.037,220892331,255.573,23.5,2.78,5034.708,423.031,8.35,2.8,36.7,0.0230675363952211,69.69,3.53128360190964e-09
"136","Southeast Asia, East Asia, and Oceania","East Asia","China",932743,106.514,33.42,3.10669585761764e-05,"CHN","Asia",2021-07-16,92268,30,4636,0,64.105,3.221,1439323774,147.674,38.7,5.929,15308.712,261.899,9.74,1.9,48.4,0.0502449386569558,NA,6.66082696725362e-09
"137","Southeast Asia, East Asia, and Oceania","East Asia","North Korea",12041,126.451,39.778,4.58929839475052e-05,NA,NA,NA,NA,NA,NA,NA,NA,NA,NA,NA,NA,NA,NA,NA,NA,NA,NA,NA,NA,NA
"138","Southeast Asia, East Asia, and Oceania","East Asia","Taiwan",0,120.946,23.754,4.24500872390854e-05,"TWN","Asia",2021-07-16,15378,32,763,4,645.679,32.036,23816775,NA,42.2,8.353,NA,103.957,NA,NA,NA,0.0496163350240603,75.642,2.40728911244144e-09
"139","Southeast Asia, East Asia, and Oceania","Oceania","American Samoa",20,-170.73,-14.318,5.54998092605995e-06,NA,NA,NA,NA,NA,NA,NA,NA,NA,NA,NA,NA,NA,NA,NA,NA,NA,NA,NA,NA,NA
"140","Southeast Asia, East Asia, and Oceania","Oceania","Micronesia (country)",70,158.235,6.883,4.73006536689387e-06,"FSM","Oceania",2021-07-16,1,0,NA,NA,8.694,NA,115021,150.777,23,2.392,3299.464,454.343,12.02,NA,NA,NA,NA,0
"141","Southeast Asia, East Asia, and Oceania","Oceania","Fiji",1827,177.974,-17.819,5.71292064812221e-06,"FJI","Oceania",2021-07-16,15291,1405,80,6,17057.396,89.241,896444,49.562,28.6,3.284,8702.975,412.82,14.49,10.2,34.8,0.00523183572035838,280.223,1.55779262930112e-10
"142","Southeast Asia, East Asia, and Oceania","Oceania","Guam",55,144.707,13.385,7.51059901300527e-06,NA,NA,NA,NA,NA,NA,NA,NA,NA,NA,NA,NA,NA,NA,NA,NA,NA,NA,NA,NA,NA
"143","Southeast Asia, East Asia, and Oceania","Oceania","Kiribati",73,175.036,-1.508,4.02113318422227e-06,"KIR","Oceania",2021-07-16,2,0,NA,NA,16.744,NA,119446,143.701,23.2,2.21,1981.132,434.657,22.66,35.9,58.9,NA,NA,0
"144","Southeast Asia, East Asia, and Oceania","Oceania","Marshall Islands",0,168.963,7.595,5.56962788948205e-06,"MHL","Oceania",2021-07-16,4,0,NA,NA,67.574,NA,59194,295.15,NA,NA,3819.202,557.793,30.53,NA,NA,NA,NA,0
"145","Southeast Asia, East Asia, and Oceania","Oceania","Northern Mariana Islands",0,145.623,15.005,8.97315384495816e-06,NA,NA,NA,NA,NA,NA,NA,NA,NA,NA,NA,NA,NA,NA,NA,NA,NA,NA,NA,NA,NA
"146","Southeast Asia, East Asia, and Oceania","Oceania","Papua New Guinea",45286,143.459,-5.949,5.95576382026691e-06,"PNG","Oceania",2021-07-16,17340,0,179,0,1938.074,20.007,8947027,18.22,22.6,2.142,3823.194,561.494,17.65,23.5,48.8,0.010322952710496,NA,4.67012124100508e-10
"147","Southeast Asia, East Asia, and Oceania","Oceania","Samoa",283,-172.414,-13.652,5.68775430515751e-06,"WSM","Oceania",2021-07-16,3,0,NA,NA,15.12,NA,198410,69.413,22,3.564,6021.557,348.977,9.21,16.7,38.1,NA,NA,0
"148","Southeast Asia, East Asia, and Oceania","Oceania","Solomon Islands",2799,160.109,-9.611,4.66048187169374e-06,"SLB","Oceania",2021-07-16,20,0,NA,NA,29.117,NA,686878,21.841,20.8,2.043,2205.923,459.78,18.68,NA,NA,NA,NA,0
"149","Southeast Asia, East Asia, and Oceania","Oceania","Tonga",72,-175.185,-21.202,6.2579958961368e-06,NA,NA,NA,NA,NA,NA,NA,NA,NA,NA,NA,NA,NA,NA,NA,NA,NA,NA,NA,NA,NA
"150","Southeast Asia, East Asia, and Oceania","Oceania","Vanuatu",1219,166.899,-15.376,5.841994975962e-06,"VUT","Oceania",2021-07-16,4,0,1,0,13.023,3.256,307150,22.662,23.1,2.62,2921.909,546.3,12.02,2.8,34.5,0.25,NA,2.52756639407849e-10
"151","Southeast Asia, East Asia, and Oceania","Southeast Asia","Cambodia",17652,104.564,12.714,1.98267524745417e-05,"KHM","Asia",2021-07-16,65500,889,1052,27,3917.705,62.923,16718971,90.672,25.6,2.385,3645.07,270.892,4,2,33.7,0.0160610687022901,94.488,2.20992492428148e-09
"152","Southeast Asia, East Asia, and Oceania","Southeast Asia","Indonesia",181157,114.252,-0.976,8.80171308363291e-06,"IDN","Asia",2021-07-16,2780803,54000,71397,1205,10166.592,261.027,273523621,145.725,29.3,3.053,11188.744,342.864,6.32,2.8,76.1,0.0256749579168319,58.209,8.79813655479021e-10
"153","Southeast Asia, East Asia, and Oceania","Southeast Asia","Laos",23080,102.471,19.905,2.29451938276603e-05,"LAO","Asia",2021-07-16,3187,95,4,0,438.042,0.55,7275556,29.715,24.4,2.322,6397.36,368.111,4,7.3,51.2,0.00125509883903357,41.923,1.86995142029192e-09
"154","Southeast Asia, East Asia, and Oceania","Southeast Asia","Malaysia",32855,102.195,4.201,1.47302552086528e-05,"MYS","Asia",2021-07-16,893323,12541,6728,115,27600.663,207.872,32365998,96.254,29.9,3.407,26808.164,260.942,16.74,1,42.4,0.00753143040087404,494.375,2.88809278552458e-09
"155","Southeast Asia, East Asia, and Oceania","Southeast Asia","Maldives",30,72.92,3.548,6.01442105461572e-06,"MDV","Asia",2021-07-16,75736,114,216,1,140111.222,399.599,540542,1454.433,30.6,2.875,15183.616,164.905,9.19,2.1,55,0.00285201225308968,2051.961,0
"156","Southeast Asia, East Asia, and Oceania","Southeast Asia","Mauritius",203,57.583,-20.255,8.38931024474179e-06,"MUS","Africa",2021-07-16,2364,0,18,0,1858.831,14.154,1271767,622.962,37.4,5.884,20292.745,224.644,22.02,3.2,40.7,0.00761421319796954,NA,0
"157","Southeast Asia, East Asia, and Oceania","Southeast Asia","Myanmar",65755,96.041,21.718,1.87430480019321e-05,"MMR","Asia",2021-07-16,218739,6194,4536,190,4020.214,83.367,54409794,81.721,29.1,3.12,5591.597,202.104,4.61,6.3,35.2,0.0207370427770082,53.169,1.30254889197588e-09
"158","Southeast Asia, East Asia, and Oceania","Southeast Asia","Philippines",29817,122.466,11.118,1.22746366697635e-05,"PHL","Asia",2021-07-16,1496328,5663,26476,162,13654.984,241.611,109581085,351.873,25.2,2.661,7599.188,370.437,7.07,7.8,40.8,0.0176939815334606,137.144,1.45402067053196e-09
"159","Southeast Asia, East Asia, and Oceania","Southeast Asia","Seychelles",46,55.474,-4.647,5.81413002879232e-06,"SYC","Africa",2021-07-16,17234,229,81,4,175249.136,823.673,98340,208.354,36.2,5.586,26382.287,242.648,10.55,7.1,35.7,0.00470001160496693,NA,0
"160","Southeast Asia, East Asia, and Oceania","Southeast Asia","Sri Lanka",6463,80.704,7.612,1.48103177732728e-05,"LKA","Asia",2021-07-16,282060,1517,3702,41,13172.218,172.884,21413250,341.955,34.1,5.331,11669.077,197.093,10.68,0.3,27,0.0131248670495639,200.828,1.01127957724256e-09
"161","Southeast Asia, East Asia, and Oceania","Southeast Asia","Thailand",51089,100.844,15.7,2.48961293991492e-05,"THA","Asia",2021-07-16,381907,9692,3099,67,5471.449,44.398,69799978,135.132,40.1,6.89,16277.671,109.861,7.04,1.9,38.8,0.00811454097463519,131.828,2.77509429618047e-09
"162","Southeast Asia, East Asia, and Oceania","Southeast Asia","Timor",1487,125.878,-8.822,7.71112606434555e-06,"TLS","Asia",2021-07-16,10049,52,26,1,7621.875,19.72,1318442,87.176,18,1.897,6570.102,335.346,6.86,6.3,78.1,0.00258732212160414,109.238,3.09132789390454e-10
"163","Southeast Asia, East Asia, and Oceania","Southeast Asia","Vietnam",32549,105.314,21.491,2.232931295643e-05,"VNM","Asia",2021-07-16,46292,4004,225,18,475.577,2.312,97338583,308.127,32.6,4.718,6171.884,245.465,6,1,45.9,0.00486045104985743,69.896,2.10240875473753e-09
"164","Central Europe, Eastern Europe, and Central Asia","Central Asia","Armenia",2820,44.563,40.534,1.80969475198702e-05,"ARM","Asia",2021-07-16,227111,162,4558,2,76642.952,1538.184,2963234,102.931,35.7,7.571,8787.58,341.01,7.11,1.5,52.1,0.0200694814429948,422.857,2.04803834319842e-09
"165","Central Europe, Eastern Europe, and Central Asia","Central Asia","Azerbaijan",8260,47.395,40.43,2.39174789235292e-05,"AZE","Asia",2021-07-16,337970,169,4990,0,33333.087,492.15,10139175,119.309,32.4,3.871,15847.419,559.812,7.11,0.3,42.5,0.0147646240790603,386.108,2.56004604151652e-09
"166","Central Europe, Eastern Europe, and Central Asia","Central Asia","Georgia",6949,43.518,42.176,1.67989787748247e-05,"GEO","Asia",2021-07-16,384387,1653,5516,13,96357.518,1382.742,3989175,65.032,38.7,10.244,9745.079,496.218,7.11,5.3,55.5,0.0143501211019103,NA,1.86501592487003e-09
"167","Central Europe, Eastern Europe, and Central Asia","Central Asia","Kazakhstan",269970,67.301,48.16,1.35277304510576e-05,"KAZ","Asia",2021-07-16,541747,5658,3600,0,28852.077,191.727,18776707,6.681,30.6,4.625,24055.588,466.792,7.11,7,43.1,0.00664516831657582,NA,2.33071147961269e-09
"168","Central Europe, Eastern Europe, and Central Asia","Central Asia","Kyrgyzstan",19180,74.555,41.465,1.44585047774837e-05,"KGZ","Asia",2021-07-16,146292,1334,2154,11,22423.01,330.156,6524191,32.333,26.3,2.882,3393.474,436.362,7.11,3.6,50.5,0.014723976704126,NA,3.34312146135486e-09
"169","Central Europe, Eastern Europe, and Central Asia","Central Asia","Mongolia",156650,102.876,46.056,8.49267887377352e-06,"MNG","Asia",2021-07-16,145787,1295,726,10,44470.413,221.457,3278292,1.98,28.6,2.421,11840.846,460.043,4.82,5.5,46.5,0.00497986788945516,1026.348,1.10023224443774e-09
"170","Central Europe, Eastern Europe, and Central Asia","Central Asia","Tajikistan",13996,69.42,38.665,1.13879529627041e-05,"TJK","Asia",2021-07-16,14000,0,110,0,1467.868,11.533,9537642,64.281,23.3,2.155,2896.913,427.698,7.11,NA,NA,0.00785714285714286,NA,1.74863739274549e-09
"171","Central Europe, Eastern Europe, and Central Asia","Central Asia","Turkmenistan",46993,59.384,39.122,1.90555726982307e-05,NA,NA,NA,NA,NA,NA,NA,NA,NA,NA,NA,NA,NA,NA,NA,NA,NA,NA,NA,NA,NA
"172","Central Europe, Eastern Europe, and Central Asia","Central Asia","Uzbekistan",42540,63.17,41.75,1.90568161602869e-05,"UZB","Asia",2021-07-16,118380,478,789,4,3536.983,23.574,33469199,76.134,28.2,2.873,6253.104,724.417,7.57,1.3,24.7,0.00666497719209326,NA,1.75786865592521e-09
"173","Central Europe, Eastern Europe, and Central Asia","Central Europe","Albania",2740,20.068,41.143,1.75588264665489e-05,"ALB","Europe",2021-07-16,132647,18,2456,0,46093.196,853.43,2877800,104.871,38,8.643,11803.431,304.195,10.08,7.1,51.2,0.0185153075455909,NA,1.21601775910771e-09
"174","Central Europe, Eastern Europe, and Central Asia","Central Europe","Bosnia and Herzegovina",5120,17.786,44.169,1.87106097313184e-05,"BIH","Europe",2021-07-16,205285,18,9666,1,62571.343,2946.219,3280815,68.496,42.5,10.711,11713.895,329.635,10.08,30.2,47.7,0.0470857588230996,321.508,1.73957256092617e-09
"175","Central Europe, Eastern Europe, and Central Asia","Central Europe","Bulgaria",11063,25.231,42.761,2.2622784730218e-05,"BGR","Europe",2021-07-16,422873,76,18169,6,60858.653,2614.83,6948445,65.18,44.7,13.272,18563.307,424.688,5.81,30.1,44.4,0.0429656185190353,491.45,2.57588387180082e-09
"176","Central Europe, Eastern Europe, and Central Asia","Central Europe","Croatia",5592,16.693,45.723,2.36281016038483e-05,"HRV","Europe",2021-07-16,361349,131,8234,1,88020.806,2005.716,4105268,73.726,44,13.053,22669.797,253.782,5.59,34.3,39.9,0.0227868348881552,540.079,2.9169189902133e-09
"177","Central Europe, Eastern Europe, and Central Asia","Central Europe","Czechia",7727,15.338,49.743,3.72535627352462e-05,"CZE","Europe",2021-07-16,1670583,235,30335,0,155998.301,2832.669,10708982,137.176,43.3,11.58,32605.906,227.485,6.82,30.5,38.3,0.0181583315525179,NA,4.88065315695289e-09
"178","Central Europe, Eastern Europe, and Central Asia","Central Europe","Hungary",9210,19.134,47.07,3.0094415888807e-05,"HUN","Europe",2021-07-16,808725,64,30015,2,83715.911,3107.03,9660350,108.043,43.4,11.976,26777.561,278.296,7.55,26.8,34.8,0.0371139757024947,601.058,3.14366824125049e-09
"179","Central Europe, Eastern Europe, and Central Asia","Central Europe","North Macedonia",2543,21.698,41.6,3.05903822705217e-05,"MKD","Europe",2021-07-16,155882,16,5487,0,74821.684,2633.701,2083380,82.6,39.1,8.16,13111.214,322.688,10.08,NA,NA,0.0351997023389487,444.744,1.97844380646942e-09
"180","Central Europe, Eastern Europe, and Central Asia","Central Europe","Montenegro",0,19.254,42.792,2.17017665043914e-05,"MNE","Europe",2021-07-16,100590,23,1621,0,160159.347,2580.955,628062,46.28,39.1,9.395,16409.288,387.305,10.08,44,47.9,0.0161149219604334,NA,3.7715409294538e-09
"181","Central Europe, Eastern Europe, and Central Asia","Central Europe","Poland",30629,19.401,52.125,3.60896200288321e-05,"POL","Europe",2021-07-16,2881241,90,75205,14,76129.444,1987.1,37846605,124.027,41.8,10.202,27216.445,227.331,5.91,23.3,33.1,0.0261015999702906,465.279,4.9349156574261e-09
"182","Central Europe, Eastern Europe, and Central Asia","Central Europe","Romania",22987,24.969,45.844,2.49276924754822e-05,"ROU","Europe",2021-07-16,1081539,72,34250,5,56219.819,1780.36,19237682,85.129,43,11.69,23313.199,370.946,9.74,22.9,37.1,0.0316678362962408,443.253,4.76067242792603e-09
"183","Central Europe, Eastern Europe, and Central Asia","Central Europe","Serbia",0,20.806,44.032,2.1584984147984e-05,"SRB","Europe",2021-07-16,718299,206,7078,0,105560.859,1040.179,6804596,80.291,41.2,NA,14048.881,439.415,10.08,37.7,40.2,0.00985383524131316,670.601,3.47665379149648e-09
"184","Central Europe, Eastern Europe, and Central Asia","Central Europe","Slovakia",4808,19.491,48.707,3.52454887784612e-05,"SVK","Europe",2021-07-16,392034,34,12524,0,71805.794,2293.923,5459643,113.128,41.2,9.167,30155.152,287.959,7.29,23.1,37.7,0.0319462087472005,7402.318,4.65954128841206e-09
"185","Central Europe, Eastern Europe, and Central Asia","Central Europe","Slovenia",2014,14.827,46.124,2.9536118154754e-05,"SVN","Europe",2021-07-16,258108,63,4425,0,124154.133,2128.497,2078932,102.619,44.5,12.93,31400.84,153.493,7.25,20.1,25,0.0171439862383188,661.804,2.87657106264981e-09
"186","Central Europe, Eastern Europe, and Central Asia","Eastern Europe","Belarus",20748,28.047,53.54,2.3184532060804e-05,"BLR","Europe",2021-07-16,432388,1276,3306,9,45758.632,349.866,9449321,46.858,40.3,9.788,17167.967,443.129,5.18,10.5,46.1,0.00764591061731593,751.499,2.70133766790562e-09
"187","Central Europe, Eastern Europe, and Central Asia","Eastern Europe","Estonia",4239,25.793,58.674,1.75990833637131e-05,"EST","Europe",2021-07-16,131743,62,1271,0,99313.326,958.132,1326539,31.033,42.7,13.491,29481.252,255.569,4.02,24.5,39.3,0.00964757140796854,1204.076,2.15694648977251e-09
"188","Central Europe, Eastern Europe, and Central Asia","Eastern Europe","Latvia",6205,25.641,56.858,1.96252158076632e-05,"LVA","Europe",2021-07-16,138087,46,2542,0,73209.02,1347.682,1886202,31.212,43.9,14.136,25063.846,350.06,4.91,25.6,51,0.0184086843801372,1585.671,4.39640975165418e-09
"189","Central Europe, Eastern Europe, and Central Asia","Eastern Europe","Lithuania",6268,23.897,55.336,2.29860190830155e-05,"LTU","Europe",2021-07-16,279572,84,4404,0,102697.324,1617.755,2722291,45.135,43.5,13.778,29524.265,342.989,3.67,21.3,38,0.0157526504800195,1479.024,3.47538137768222e-09
"190","Central Europe, Eastern Europe, and Central Asia","Eastern Europe","Moldova",3288,28.599,47.193,2.30935396585102e-05,"MDA","Europe",2021-07-16,257842,76,6222,3,63917.79,1542.404,4033963,123.655,37.6,6.955,5189.972,408.502,5.72,5.9,44.6,0.0241310570039016,328.68,2.42495419130632e-09
"191","Central Europe, Eastern Europe, and Central Asia","Eastern Europe","Russia",1638094,96.689,61.988,9.63621312964234e-06,"RUS","Europe",2021-07-16,5835523,25188,144446,789,39987.286,989.8,145934460,8.823,39.6,9.393,24765.954,431.297,6.18,23.4,58.3,0.0247528799046804,1095.904,3.4410515322883e-09
"192","Central Europe, Eastern Europe, and Central Asia","Eastern Europe","Ukraine",57935,31.388,49.016,2.59593545208205e-05,"UKR","Europe",2021-07-16,2316081,1253,55124,27,52958.654,1260.445,43733759,77.39,41.4,11.133,7894.393,539.849,7.11,13.5,47.4,0.0238005492899428,254.986,3.2361882764866e-09
"193",NA,NA,"Cayman Islands",26,-81.198,19.314,1.10325572038791e-05,"CYM","North America",2021-07-16,NA,NA,NA,NA,NA,NA,65720,256.496,NA,NA,49903.029,NA,13.22,NA,NA,NA,NA,0
"194",NA,NA,"Cook Islands",24,-159.782,-21.219,6.16147829346801e-06,NA,NA,NA,NA,NA,NA,NA,NA,NA,NA,NA,NA,NA,NA,NA,NA,NA,NA,NA,NA,NA
"195",NA,NA,"French Guiana",8815,-53.241,3.924,6.14795989381541e-06,NA,NA,NA,NA,NA,NA,NA,NA,NA,NA,NA,NA,NA,NA,NA,NA,NA,NA,NA,NA,NA
"196",NA,NA,"Falkland Islands (Malvinas)",1217,-58.694,-51.665,6.46335718718686e-06,NA,NA,NA,NA,NA,NA,NA,NA,NA,NA,NA,NA,NA,NA,NA,NA,NA,NA,NA,NA,NA
"197",NA,NA,"French Polynesia",366,-149.462,-17.626,5.56096372539582e-06,NA,NA,NA,NA,NA,NA,NA,NA,NA,NA,NA,NA,NA,NA,NA,NA,NA,NA,NA,NA,NA
"198",NA,NA,"Liechtenstein",16,9.555,47.153,1.28656932741596e-05,"LIE","Europe",2021-07-16,3061,0,59,0,80263.261,1547.054,38137,237.012,NA,NA,NA,NA,7.77,NA,NA,0.0192747468147664,1442.064,0
"199",NA,NA,"Martinique",106,-61.021,14.653,8.52010200166322e-06,NA,NA,NA,NA,NA,NA,NA,NA,NA,NA,NA,NA,NA,NA,NA,NA,NA,NA,NA,NA,NA
"200",NA,NA,"Montserrat",10,-62.187,16.736,8.18205924820888e-06,"MSR","North America",2021-07-16,NA,NA,NA,NA,NA,NA,4999,NA,NA,NA,NA,NA,NA,NA,NA,NA,NA,0
"201",NA,NA,"New Caledonia",1828,165.447,-21.359,7.9936315038485e-06,NA,NA,NA,NA,NA,NA,NA,NA,NA,NA,NA,NA,NA,NA,NA,NA,NA,NA,NA,NA,NA
"202",NA,NA,"Niue",26,-169.869,-19.052,6.25197306161804e-06,NA,NA,NA,NA,NA,NA,NA,NA,NA,NA,NA,NA,NA,NA,NA,NA,NA,NA,NA,NA,NA
"203",NA,NA,"Aruba",0,-69.977,12.517,1.36355133435181e-05,"ABW","North America",2021-07-16,NA,NA,NA,NA,NA,NA,106766,584.8,41.2,7.452,35973.781,NA,11.62,NA,NA,NA,NA,0
"204",NA,NA,"Anguilla",0,-63.032,18.237,9.44434815476402e-06,"AIA","North America",2021-07-16,NA,NA,NA,NA,NA,NA,15002,NA,NA,NA,NA,NA,NA,NA,NA,NA,NA,0
"205",NA,NA,"Hong Kong",0,114.129,22.423,3.05159084292522e-05,"HKG","Asia",2021-07-16,11956,1,212,0,1594.774,28.278,7496988,7039.714,44.8,10.158,56054.92,NA,8.33,NA,NA,0.0177316828370693,2725.439,0
"206",NA,NA,"Faeroe Islands",0,-6.864,62.05,8.71741336764335e-06,"FRO","Europe",2021-07-16,NA,NA,NA,NA,NA,NA,48865,35.308,NA,NA,NA,NA,NA,NA,NA,NA,NA,0
"207",NA,NA,"Gibraltar",0,-5.345,36.138,2.47077403518559e-05,NA,NA,NA,NA,NA,NA,NA,NA,NA,NA,NA,NA,NA,NA,NA,NA,NA,NA,NA,NA,NA
"208",NA,NA,"Isle of Man",0,-4.527,54.229,2.64621370207753e-05,"IMN","Europe",2021-07-16,NA,NA,NA,NA,NA,NA,85032,147.872,NA,NA,NA,NA,NA,NA,NA,NA,NA,0
"209",NA,NA,"Macao",0,113.545,22.2,3.72365140959218e-05,"MAC","Asia",2021-07-16,NA,NA,NA,NA,NA,NA,649342,20546.766,39.2,4.991,104861.851,NA,NA,NA,NA,NA,NA,0
"210",NA,NA,"Monaco",0,7.412,43.75,3.31371349593613e-05,"MCO","Europe",2021-07-16,2662,7,33,0,67832.025,840.893,39244,19347.5,NA,NA,NA,NA,5.46,NA,NA,0.012396694214876,NA,0
"211",NA,NA,"Mayotte",0,45.155,-12.777,8.86803402121158e-06,NA,NA,NA,NA,NA,NA,NA,NA,NA,NA,NA,NA,NA,NA,NA,NA,NA,NA,NA,NA,NA
"212",NA,NA,"Aaland Islands",0,19.952,60.198,1.72826645030948e-05,NA,NA,NA,NA,NA,NA,NA,NA,NA,NA,NA,NA,NA,NA,NA,NA,NA,NA,NA,NA,NA
"213",NA,NA,"Norfolk Island",0,167.953,-29.037,8.54077918428929e-06,NA,NA,NA,NA,NA,NA,NA,NA,NA,NA,NA,NA,NA,NA,NA,NA,NA,NA,NA,NA,NA
"214",NA,NA,"Cocos (Keeling) Islands",1,96.839,-12.173,5.80599125626656e-06,NA,NA,NA,NA,NA,NA,NA,NA,NA,NA,NA,NA,NA,NA,NA,NA,NA,NA,NA,NA,NA
"215",NA,NA,"Antarctica",0,21.304,-80.446,1.11133209340497e-06,NA,NA,NA,NA,NA,NA,NA,NA,NA,NA,NA,NA,NA,NA,NA,NA,NA,NA,NA,NA,NA
"216",NA,NA,"Bouvet Island",0,3.412,-54.422,4.45208762631496e-06,NA,NA,NA,NA,NA,NA,NA,NA,NA,NA,NA,NA,NA,NA,NA,NA,NA,NA,NA,NA,NA
"217",NA,NA,"French Southern and Antarctic Lands",0,69.117,-49.302,4.07179784287846e-06,NA,NA,NA,NA,NA,NA,NA,NA,NA,NA,NA,NA,NA,NA,NA,NA,NA,NA,NA,NA,NA
"218",NA,NA,"Heard Island and McDonald Islands",0,73.507,-53.111,4.5583373371361e-06,NA,NA,NA,NA,NA,NA,NA,NA,NA,NA,NA,NA,NA,NA,NA,NA,NA,NA,NA,NA,NA
"219",NA,NA,"British Indian Ocean Territory",0,72.416,-7.335,5.10068272044557e-06,NA,NA,NA,NA,NA,NA,NA,NA,NA,NA,NA,NA,NA,NA,NA,NA,NA,NA,NA,NA,NA
"220",NA,NA,"Christmas Island",0,105.704,-10.444,6.32386947002095e-06,NA,NA,NA,NA,NA,NA,NA,NA,NA,NA,NA,NA,NA,NA,NA,NA,NA,NA,NA,NA,NA
"221",NA,NA,"United States Minor Outlying Islands",0,-160.027,-0.385,6.62385979830053e-06,NA,NA,NA,NA,NA,NA,NA,NA,NA,NA,NA,NA,NA,NA,NA,NA,NA,NA,NA,NA,NA
"222",NA,NA,"Nauru",2,166.93,-0.522,4.0912226964149e-06,NA,NA,NA,NA,NA,NA,NA,NA,NA,NA,NA,NA,NA,NA,NA,NA,NA,NA,NA,NA,NA
"223",NA,NA,"Reunion",250,55.538,-21.122,1.03597721867109e-05,NA,NA,NA,NA,NA,NA,NA,NA,NA,NA,NA,NA,NA,NA,NA,NA,NA,NA,NA,NA,NA
"224",NA,NA,"Saint Kitts and Nevis",36,-62.769,17.34,9.36240060287958e-06,"KNA","North America",2021-07-16,548,4,3,0,10302.301,56.399,53192,212.865,NA,NA,24654.385,NA,12.84,NA,NA,0.00547445255474453,444.898,0
"225",NA,NA,"Tokelau",1,-171.853,-9.193,5.35087461570589e-06,NA,NA,NA,NA,NA,NA,NA,NA,NA,NA,NA,NA,NA,NA,NA,NA,NA,NA,NA,NA,NA
"226",NA,NA,"Tuvalu",3,179.219,-8.514,4.86962553866723e-06,NA,NA,NA,NA,NA,NA,NA,NA,NA,NA,NA,NA,NA,NA,NA,NA,NA,NA,NA,NA,NA
"227",NA,NA,"United Republic of Tanzania",88359,34.823,-6.27,1.44605490483474e-05,NA,NA,NA,NA,NA,NA,NA,NA,NA,NA,NA,NA,NA,NA,NA,NA,NA,NA,NA,NA,NA
"228",NA,NA,"British Virgin Islands",15,-64.39,18.483,9.08370419189194e-06,"VGB","North America",2021-07-16,NA,NA,NA,NA,NA,NA,30237,207.973,NA,NA,NA,NA,13.67,NA,NA,NA,NA,0
"229",NA,NA,"United States Virgin Islands",35,-64.785,17.741,8.95483294742452e-06,NA,NA,NA,NA,NA,NA,NA,NA,NA,NA,NA,NA,NA,NA,NA,NA,NA,NA,NA,NA,NA
"230",NA,NA,"Wallis and Futuna",14,-178.131,-14.289,5.71698031344837e-06,NA,NA,NA,NA,NA,NA,NA,NA,NA,NA,NA,NA,NA,NA,NA,NA,NA,NA,NA,NA,NA
"231",NA,NA,"Guadeloupe",169,-61.441,16.286,8.9718578543741e-06,NA,NA,NA,NA,NA,NA,NA,NA,NA,NA,NA,NA,NA,NA,NA,NA,NA,NA,NA,NA,NA
"232",NA,NA,"Netherlands Antilles",80,-68.87,12.123,1.06326705520079e-05,NA,NA,NA,NA,NA,NA,NA,NA,NA,NA,NA,NA,NA,NA,NA,NA,NA,NA,NA,NA,NA
"233",NA,NA,"Pitcairn Islands",0,-128.316,-24.366,5.75630152621795e-06,NA,NA,NA,NA,NA,NA,NA,NA,NA,NA,NA,NA,NA,NA,NA,NA,NA,NA,NA,NA,NA
"234",NA,NA,"Palau",0,134.57,7.501,4.90932814725901e-06,NA,NA,NA,NA,NA,NA,NA,NA,NA,NA,NA,NA,NA,NA,NA,NA,NA,NA,NA,NA,NA
"235",NA,NA,"Saint Pierre and Miquelon",0,-56.325,47.042,1.18588599212988e-05,NA,NA,NA,NA,NA,NA,NA,NA,NA,NA,NA,NA,NA,NA,NA,NA,NA,NA,NA,NA,NA
"236",NA,NA,"Saint Helena",0,-5.71,-15.953,6.81450055423732e-06,NA,NA,NA,NA,NA,NA,NA,NA,NA,NA,NA,NA,NA,NA,NA,NA,NA,NA,NA,NA,NA
"237",NA,NA,"San Marino",0,12.46,43.942,3.44937205450604e-05,"SMR","Europe",2021-07-16,5094,0,90,0,150097.236,2651.895,33938,556.667,NA,NA,56861.47,NA,5.64,NA,NA,0.0176678445229682,NA,0
"238",NA,NA,"Turks and Caicos Islands",0,-71.95,21.902,1.16059700924541e-05,"TCA","North America",2021-07-16,NA,NA,NA,NA,NA,NA,38718,37.312,NA,NA,NA,NA,NA,NA,NA,NA,NA,0
"239",NA,NA,"Western Sahara",0,-13.706,24.554,1.03509649961344e-05,NA,NA,NA,NA,NA,NA,NA,NA,NA,NA,NA,NA,NA,NA,NA,NA,NA,NA,NA,NA,NA
"240",NA,NA,"Vatican",0,12.451,41.904,2.10428752450493e-05,"VAT","Europe",2021-07-16,27,0,NA,NA,33374.536,NA,809,NA,NA,NA,NA,NA,NA,NA,NA,NA,NA,0
"241",NA,NA,"Svalbard",0,18.374,78.83,1.47771601697155e-06,NA,NA,NA,NA,NA,NA,NA,NA,NA,NA,NA,NA,NA,NA,NA,NA,NA,NA,NA,NA,NA
"242",NA,NA,"Saint Martin",0,-63.041,18.094,9.52292308315315e-06,NA,NA,NA,NA,NA,NA,NA,NA,NA,NA,NA,NA,NA,NA,NA,NA,NA,NA,NA,NA,NA
"243",NA,NA,"Saint Barthelemy",0,-63.043,18.04,9.52292308315315e-06,NA,NA,NA,NA,NA,NA,NA,NA,NA,NA,NA,NA,NA,NA,NA,NA,NA,NA,NA,NA,NA
"244",NA,NA,"Guernsey",0,-2.576,49.459,2.94986030424597e-05,"GGY","Europe",2021-07-16,NA,NA,NA,NA,NA,NA,67052,NA,NA,NA,NA,NA,NA,NA,NA,NA,NA,0
"245",NA,NA,"Jersey",0,-2.129,49.219,2.94986030424597e-05,NA,NA,NA,NA,NA,NA,NA,NA,NA,NA,NA,NA,NA,NA,NA,NA,NA,NA,NA,NA,NA
"246",NA,NA,"South Georgia South Sandwich Islands",0,-36.891,-54.209,6.3217826990373e-06,NA,NA,NA,NA,NA,NA,NA,NA,NA,NA,NA,NA,NA,NA,NA,NA,NA,NA,NA,NA,NA
"247",NA,NA,"Curacao",NA,NA,NA,NA,"CUW","North America",2021-07-16,NA,NA,NA,NA,NA,NA,164100,362.644,41.7,10.068,NA,NA,11.62,NA,NA,NA,NA,NA
"248",NA,NA,"Eswatini",NA,NA,NA,NA,"SWZ","Africa",2021-07-16,20898,205,701,3,18012.971,604.225,1160164,79.492,21.5,1.845,7738.975,333.436,3.94,1.7,16.5,0.0335438797971098,NA,NA
"249",NA,NA,"Kosovo",NA,NA,NA,NA,"OWID_KOS","Europe",2021-07-16,107894,11,2268,0,55823.392,1173.443,1932774,168.155,NA,NA,9795.834,NA,NA,NA,NA,0.0210206313604093,360.351,NA
"250",NA,NA,"Sint Maarten (Dutch part)",NA,NA,NA,NA,"SXM","North America",2021-07-16,NA,NA,NA,NA,NA,NA,42882,1209.088,NA,NA,36327.232,NA,NA,NA,NA,NA,NA,NA
"251",NA,NA,"South Sudan",NA,NA,NA,NA,"SSD","Africa",2021-07-16,10917,0,117,0,975.278,10.452,11193729,NA,19.2,2.032,1569.888,280.775,10.43,NA,NA,0.010717230008244,NA,NA
"252",NA,NA,"Tanzania",NA,NA,NA,NA,"TZA","Africa",2021-07-16,509,0,21,0,8.521,0.352,59734213,64.699,17.7,1.874,2683.304,217.288,5.75,3.3,26.7,0.0412573673870334,NA,NA
